"ID","Admission Number","Full Name","Gender","Date of Birth","Class","Status"
"1","STU202500001","Barbara Moore","FEMALE","2024-07-04","Grade 1","ACTIVE"
"2","STU202500002","Daniel Wright","MALE","2024-07-03","Grade 1","ACTIVE"
"3","STU202500003","Kimberly Phillips","FEMALE","2024-07-02","Grade 1","ACTIVE"
"4","STU202500004","George Morgan","MALE","2024-07-01","Grade 1","ACTIVE"
"5","STU202500005","Laura Bennett","FEMALE","2024-06-30","Grade 1","ACTIVE"
"6","STU202500006","Jonathan Williams","MALE","2024-06-29","Grade 1","ACTIVE"
"7","STU202500007","Helen Martin","FEMALE","2024-06-28","Grade 1","ACTIVE"
"8","STU202500008","Alexander Torres","MALE","2024-06-27","Grade 1","ACTIVE"
"9","STU202500009","Diane Turner","FEMALE","2024-06-26","Grade 1","ACTIVE"
"10","STU202500010","William Peterson","MALE","2024-06-25","Grade 1","ACTIVE"
"11","STU202500011","Lisa Mendoza","FEMALE","2024-06-24","Grade 1","ACTIVE"
"12","STU202500012","Steven Jones","MALE","2024-06-23","Grade 1","ACTIVE"
"13","STU202500013","Dorothy Perez","FEMALE","2024-06-22","Grade 1","ACTIVE"
"14","STU202500014","Jeffrey Hill","MALE","2024-06-21","Grade 1","ACTIVE"
"15","STU202500015","Shirley Parker","FEMALE","2024-06-20","Grade 1","ACTIVE"
"16","STU202500016","Brandon Reed","MALE","2024-06-19","Grade 1","ACTIVE"
"17","STU202500017","Rachel Hughes","FEMALE","2024-06-18","Grade 1","ACTIVE"
"18","STU202500018","Tyler Miller","MALE","2024-06-17","Grade 1","ACTIVE"
"19","STU202500019","Elizabeth White","FEMALE","2024-06-16","Grade 1","ACTIVE"
"20","STU202500020","Charles Green","MALE","2024-06-15","Grade 1","ACTIVE"
"21","STU202500021","Ashley Edwards","FEMALE","2024-06-14","Grade 1","ACTIVE"
"22","STU202500022","Brian Howard","MALE","2024-06-13","Grade 1","ACTIVE"
"23","STU202500023","Sharon Alvarez","FEMALE","2024-06-12","Grade 1","ACTIVE"
"24","STU202500024","Eric Rodriguez","MALE","2024-06-11","Grade 1","ACTIVE"
"25","STU202500025","Nicole Sanchez","FEMALE","2024-06-10","Grade 1","ACTIVE"
"26","STU202500026","Frank Nelson","MALE","2024-06-09","Grade 1","ACTIVE"
"27","STU202500027","Heather Reyes","FEMALE","2024-06-08","Grade 1","ACTIVE"
"28","STU202500028","David Kim","MALE","2024-06-07","Grade 1","ACTIVE"
"29","STU202500029","Karen Sanders","FEMALE","2024-06-06","Grade 1","ACTIVE"
"30","STU202500030","Donald Hernandez","MALE","2024-06-05","Grade 1","ACTIVE"
"31","STU202500031","Amanda Ramirez","FEMALE","2024-06-04","Grade 1","ACTIVE"
"32","STU202500032","Jason Hall","MALE","2024-06-03","Grade 1","ACTIVE"
"33","STU202500033","Angela Morris","FEMALE","2024-06-02","Grade 1","ACTIVE"
"34","STU202500034","Scott Ward","MALE","2024-06-01","Grade 1","ACTIVE"
"35","STU202500035","Debra Myers","FEMALE","2024-05-31","Grade 1","ACTIVE"
"36","STU202500036","Jerry Gonzalez","MALE","2024-05-30","Grade 1","ACTIVE"
"37","STU202500037","Linda Robinson","FEMALE","2024-05-29","Grade 1","ACTIVE"
"38","STU202500038","Christopher Campbell","MALE","2024-05-28","Grade 1","ACTIVE"
"39","STU202500039","Sandra Murphy","FEMALE","2024-05-27","Grade 1","ACTIVE"
"40","STU202500040","Kevin Watson","MALE","2024-05-26","Grade 1","ACTIVE"
"41","STU202500041","Rebecca Ross","FEMALE","2024-05-25","Grade 1","ACTIVE"
"42","STU202500042","Nicholas Anderson","MALE","2024-05-24","Grade 1","ACTIVE"
"43","STU202500043","Emma Young","FEMALE","2024-05-23","Grade 1","ACTIVE"
"44","STU202500044","Gregory Carter","MALE","2024-05-22","Grade 1","ACTIVE"
"45","STU202500045","Maria Rogers","FEMALE","2024-05-21","Grade 1","ACTIVE"
"46","STU202500046","Michael Chavez","MALE","2024-05-20","Grade 1","ACTIVE"
"47","STU202500047","Sarah Jimenez","FEMALE","2024-05-19","Grade 1","ACTIVE"
"48","STU202500048","Mark Taylor","MALE","2024-05-18","Grade 1","ACTIVE"
"49","STU202500049","Michelle King","FEMALE","2024-05-17","Grade 1","ACTIVE"
"50","STU202500050","Edward Gomez","MALE","2024-05-16","Grade 1","ACTIVE"
"51","STU202500051","Amy Ortiz","FEMALE","2024-05-15","Grade 1","ACTIVE"
"52","STU202500052","Justin James","MALE","2024-05-14","Grade 1","ACTIVE"
"53","STU202500053","Christine Johnson","FEMALE","2024-05-13","Grade 1","ACTIVE"
"54","STU202500054","Dennis Jackson","MALE","2024-05-12","Grade 1","ACTIVE"
"55","STU202500055","Jennifer Scott","FEMALE","2024-05-11","Grade 1","ACTIVE"
"56","STU202500056","Thomas Evans","MALE","2024-05-10","Grade 1","ACTIVE"
"57","STU202500057","Margaret Cooper","FEMALE","2024-05-09","Grade 1","ACTIVE"
"58","STU202500058","Joshua Gray","MALE","2024-05-08","Grade 1","ACTIVE"
"59","STU202500059","Stephanie Brown","FEMALE","2024-05-07","Grade 1","ACTIVE"
"60","STU202500060","Gary Lee","MALE","2024-05-06","Grade 1","ACTIVE"
"61","STU202500061","Pamela Nguyen","FEMALE","2024-05-05","Grade 1","ACTIVE"
"62","STU202500062","Raymond Diaz","MALE","2024-05-04","Grade 1","ACTIVE"
"63","STU202500063","Catherine Bailey","FEMALE","2024-05-03","Grade 1","ACTIVE"
"64","STU202500064","Robert Ruiz","MALE","2024-05-02","Grade 1","ACTIVE"
"65","STU202500065","Jessica Garcia","FEMALE","2024-05-01","Grade 1","ACTIVE"
"66","STU202500066","Anthony Thompson","MALE","2024-04-30","Grade 1","ACTIVE"
"67","STU202500067","Donna Flores","FEMALE","2024-04-29","Grade 1","ACTIVE"
"68","STU202500068","Ronald Cruz","MALE","2024-04-28","Grade 1","ACTIVE"
"69","STU202500069","Kathleen Kelly","FEMALE","2024-04-27","Grade 1","ACTIVE"
"70","STU202500070","Larry Price","MALE","2024-04-26","Grade 1","ACTIVE"
"71","STU202500071","Katherine Davis","FEMALE","2024-04-25","Grade 1","ACTIVE"
"72","STU202500072","Jack Harris","MALE","2024-04-24","Grade 1","ACTIVE"
"73","STU202500073","Patricia Adams","FEMALE","2024-04-23","Grade 1","ACTIVE"
"74","STU202500074","Joseph Collins","MALE","2024-04-22","Grade 1","ACTIVE"
"75","STU202500075","Betty Ramos","FEMALE","2024-04-21","Grade 1","ACTIVE"
"76","STU202500076","Andrew Castillo","MALE","2024-04-20","Grade 1","ACTIVE"
"77","STU202500077","Deborah Martinez","FEMALE","2024-04-19","Grade 1","ACTIVE"
"78","STU202500078","Jacob Clark","MALE","2024-04-18","Grade 1","ACTIVE"
"79","STU202500079","Brenda Baker","FEMALE","2024-04-17","Grade 1","ACTIVE"
"80","STU202500080","Samuel Stewart","MALE","2024-04-16","Grade 1","ACTIVE"
"81","STU202500081","Janet Cox","FEMALE","2024-04-15","Grade 1","ACTIVE"
"82","STU202500082","John Patel","MALE","2024-04-14","Grade 1","ACTIVE"
"83","STU202500083","Susan Lopez","FEMALE","2024-04-13","Grade 1","ACTIVE"
"84","STU202500084","Matthew Lewis","MALE","2024-04-12","Grade 1","ACTIVE"
"85","STU202500085","Emily Rivera","FEMALE","2024-04-11","Grade 1","ACTIVE"
"86","STU202500086","Timothy Morales","MALE","2024-04-10","Grade 1","ACTIVE"
"87","STU202500087","Cynthia Richardson","FEMALE","2024-04-09","Grade 1","ACTIVE"
"88","STU202500088","Stephen Long","MALE","2024-04-08","Grade 1","ACTIVE"
"89","STU202500089","Samantha Wilson","FEMALE","2024-04-07","Grade 1","ACTIVE"
"90","STU202500090","Patrick Walker","MALE","2024-04-06","Grade 1","ACTIVE"
"91","STU202500091","Mary Mitchell","FEMALE","2024-04-05","Grade 1","ACTIVE"
"92","STU202500092","Richard Cook","MALE","2024-04-04","Grade 1","ACTIVE"
"93","STU202500093","Nancy Brooks","FEMALE","2024-04-03","Grade 1","ACTIVE"
"94","STU202500094","Paul Foster","MALE","2024-04-02","Grade 1","ACTIVE"
"95","STU202500095","Melissa Thomas","FEMALE","2024-04-01","Grade 1","ACTIVE"
"96","STU202500096","Ryan Allen","MALE","2024-03-31","Grade 1","ACTIVE"
"97","STU202500097","Anna Roberts","FEMALE","2024-03-30","Grade 1","ACTIVE"
"98","STU202500098","Benjamin Gutierrez","MALE","2024-03-29","Grade 1","ACTIVE"
"99","STU202500099","Carolyn Wood","FEMALE","2024-03-28","Grade 1","ACTIVE"
"100","STU202500100","James Smith","MALE","2024-03-27","Grade 1","ACTIVE"
"101","STU202500101","Barbara Moore","FEMALE","2024-03-26","Grade 1","ACTIVE"
"102","STU202500102","Daniel Wright","MALE","2024-03-25","Grade 1","ACTIVE"
"103","STU202500103","Kimberly Phillips","FEMALE","2024-03-24","Grade 1","ACTIVE"
"104","STU202500104","George Morgan","MALE","2024-03-23","Grade 1","ACTIVE"
"105","STU202500105","Laura Bennett","FEMALE","2024-03-22","Grade 1","ACTIVE"
"106","STU202500106","Jonathan Williams","MALE","2024-03-21","Grade 1","ACTIVE"
"107","STU202500107","Helen Martin","FEMALE","2024-03-20","Grade 1","ACTIVE"
"108","STU202500108","Alexander Torres","MALE","2024-03-19","Grade 1","ACTIVE"
"109","STU202500109","Diane Turner","FEMALE","2024-03-18","Grade 1","ACTIVE"
"110","STU202500110","William Peterson","MALE","2024-03-17","Grade 1","ACTIVE"
"111","STU202500111","Lisa Mendoza","FEMALE","2024-03-16","Grade 1","ACTIVE"
"112","STU202500112","Steven Jones","MALE","2024-03-15","Grade 1","ACTIVE"
"113","STU202500113","Dorothy Perez","FEMALE","2024-03-14","Grade 1","ACTIVE"
"114","STU202500114","Jeffrey Hill","MALE","2024-03-13","Grade 1","ACTIVE"
"115","STU202500115","Shirley Parker","FEMALE","2024-03-12","Grade 1","ACTIVE"
"116","STU202500116","Brandon Reed","MALE","2024-03-11","Grade 1","ACTIVE"
"117","STU202500117","Rachel Hughes","FEMALE","2024-03-10","Grade 1","ACTIVE"
"118","STU202500118","Tyler Miller","MALE","2024-03-09","Grade 1","ACTIVE"
"119","STU202500119","Elizabeth White","FEMALE","2024-03-08","Grade 1","ACTIVE"
"120","STU202500120","Charles Green","MALE","2024-03-07","Grade 1","ACTIVE"
"121","STU202500121","Ashley Edwards","FEMALE","2024-03-06","Grade 1","ACTIVE"
"122","STU202500122","Brian Howard","MALE","2024-03-05","Grade 1","ACTIVE"
"123","STU202500123","Sharon Alvarez","FEMALE","2024-03-04","Grade 1","ACTIVE"
"124","STU202500124","Eric Rodriguez","MALE","2024-03-03","Grade 1","ACTIVE"
"125","STU202500125","Nicole Sanchez","FEMALE","2024-03-02","Grade 1","ACTIVE"
"126","STU202500126","Frank Nelson","MALE","2024-03-01","Grade 1","ACTIVE"
"127","STU202500127","Heather Reyes","FEMALE","2024-02-29","Grade 1","ACTIVE"
"128","STU202500128","David Kim","MALE","2024-02-28","Grade 1","ACTIVE"
"129","STU202500129","Karen Sanders","FEMALE","2024-02-27","Grade 1","ACTIVE"
"130","STU202500130","Donald Hernandez","MALE","2024-02-26","Grade 1","ACTIVE"
"131","STU202500131","Amanda Ramirez","FEMALE","2024-02-25","Grade 1","ACTIVE"
"132","STU202500132","Jason Hall","MALE","2024-02-24","Grade 1","ACTIVE"
"133","STU202500133","Angela Morris","FEMALE","2024-02-23","Grade 1","ACTIVE"
"134","STU202500134","Scott Ward","MALE","2024-02-22","Grade 1","ACTIVE"
"135","STU202500135","Debra Myers","FEMALE","2023-02-21","Grade 2","ACTIVE"
"136","STU202500136","Jerry Gonzalez","MALE","2023-02-20","Grade 2","ACTIVE"
"137","STU202500137","Linda Robinson","FEMALE","2023-02-19","Grade 2","ACTIVE"
"138","STU202500138","Christopher Campbell","MALE","2023-02-18","Grade 2","ACTIVE"
"139","STU202500139","Sandra Murphy","FEMALE","2023-02-17","Grade 2","ACTIVE"
"140","STU202500140","Kevin Watson","MALE","2023-02-16","Grade 2","ACTIVE"
"141","STU202500141","Rebecca Ross","FEMALE","2023-02-15","Grade 2","ACTIVE"
"142","STU202500142","Nicholas Anderson","MALE","2023-02-14","Grade 2","ACTIVE"
"143","STU202500143","Emma Young","FEMALE","2023-02-13","Grade 2","ACTIVE"
"144","STU202500144","Gregory Carter","MALE","2023-02-12","Grade 2","ACTIVE"
"145","STU202500145","Maria Rogers","FEMALE","2023-02-11","Grade 2","ACTIVE"
"146","STU202500146","Michael Chavez","MALE","2023-02-10","Grade 2","ACTIVE"
"147","STU202500147","Sarah Jimenez","FEMALE","2023-02-09","Grade 2","ACTIVE"
"148","STU202500148","Mark Taylor","MALE","2023-02-08","Grade 2","ACTIVE"
"149","STU202500149","Michelle King","FEMALE","2023-02-07","Grade 2","ACTIVE"
"150","STU202500150","Edward Gomez","MALE","2023-02-06","Grade 2","ACTIVE"
"151","STU202500151","Amy Ortiz","FEMALE","2023-02-05","Grade 2","ACTIVE"
"152","STU202500152","Justin James","MALE","2023-02-04","Grade 2","ACTIVE"
"153","STU202500153","Christine Johnson","FEMALE","2023-02-03","Grade 2","ACTIVE"
"154","STU202500154","Dennis Jackson","MALE","2023-02-02","Grade 2","ACTIVE"
"155","STU202500155","Jennifer Scott","FEMALE","2023-02-01","Grade 2","ACTIVE"
"156","STU202500156","Thomas Evans","MALE","2023-01-31","Grade 2","ACTIVE"
"157","STU202500157","Margaret Cooper","FEMALE","2023-01-30","Grade 2","ACTIVE"
"158","STU202500158","Joshua Gray","MALE","2023-01-29","Grade 2","ACTIVE"
"159","STU202500159","Stephanie Brown","FEMALE","2023-01-28","Grade 2","ACTIVE"
"160","STU202500160","Gary Lee","MALE","2023-01-27","Grade 2","ACTIVE"
"161","STU202500161","Pamela Nguyen","FEMALE","2023-01-26","Grade 2","ACTIVE"
"162","STU202500162","Raymond Diaz","MALE","2023-01-25","Grade 2","ACTIVE"
"163","STU202500163","Catherine Bailey","FEMALE","2023-01-24","Grade 2","ACTIVE"
"164","STU202500164","Robert Ruiz","MALE","2023-01-23","Grade 2","ACTIVE"
"165","STU202500165","Jessica Garcia","FEMALE","2023-01-22","Grade 2","ACTIVE"
"166","STU202500166","Anthony Thompson","MALE","2023-01-21","Grade 2","ACTIVE"
"167","STU202500167","Donna Flores","FEMALE","2023-01-20","Grade 2","ACTIVE"
"168","STU202500168","Ronald Cruz","MALE","2023-01-19","Grade 2","ACTIVE"
"169","STU202500169","Kathleen Kelly","FEMALE","2023-01-18","Grade 2","ACTIVE"
"170","STU202500170","Larry Price","MALE","2023-01-17","Grade 2","ACTIVE"
"171","STU202500171","Katherine Davis","FEMALE","2023-01-16","Grade 2","ACTIVE"
"172","STU202500172","Jack Harris","MALE","2023-01-15","Grade 2","ACTIVE"
"173","STU202500173","Patricia Adams","FEMALE","2023-01-14","Grade 2","ACTIVE"
"174","STU202500174","Joseph Collins","MALE","2023-01-13","Grade 2","ACTIVE"
"175","STU202500175","Betty Ramos","FEMALE","2023-01-12","Grade 2","ACTIVE"
"176","STU202500176","Andrew Castillo","MALE","2023-01-11","Grade 2","ACTIVE"
"177","STU202500177","Deborah Martinez","FEMALE","2023-01-10","Grade 2","ACTIVE"
"178","STU202500178","Jacob Clark","MALE","2023-01-09","Grade 2","ACTIVE"
"179","STU202500179","Brenda Baker","FEMALE","2023-01-08","Grade 2","ACTIVE"
"180","STU202500180","Samuel Stewart","MALE","2023-01-07","Grade 2","ACTIVE"
"181","STU202500181","Janet Cox","FEMALE","2023-01-06","Grade 2","ACTIVE"
"182","STU202500182","John Patel","MALE","2023-01-05","Grade 2","ACTIVE"
"183","STU202500183","Susan Lopez","FEMALE","2023-01-04","Grade 2","ACTIVE"
"184","STU202500184","Matthew Lewis","MALE","2023-01-03","Grade 2","ACTIVE"
"185","STU202500185","Emily Rivera","FEMALE","2023-01-02","Grade 2","ACTIVE"
"186","STU202500186","Timothy Morales","MALE","2023-01-01","Grade 2","ACTIVE"
"187","STU202500187","Cynthia Richardson","FEMALE","2022-12-31","Grade 2","ACTIVE"
"188","STU202500188","Stephen Long","MALE","2022-12-30","Grade 2","ACTIVE"
"189","STU202500189","Samantha Wilson","FEMALE","2022-12-29","Grade 2","ACTIVE"
"190","STU202500190","Patrick Walker","MALE","2022-12-28","Grade 2","ACTIVE"
"191","STU202500191","Mary Mitchell","FEMALE","2022-12-27","Grade 2","ACTIVE"
"192","STU202500192","Richard Cook","MALE","2022-12-26","Grade 2","ACTIVE"
"193","STU202500193","Nancy Brooks","FEMALE","2022-12-25","Grade 2","ACTIVE"
"194","STU202500194","Paul Foster","MALE","2022-12-24","Grade 2","ACTIVE"
"195","STU202500195","Melissa Thomas","FEMALE","2022-12-23","Grade 2","ACTIVE"
"196","STU202500196","Ryan Allen","MALE","2022-12-22","Grade 2","ACTIVE"
"197","STU202500197","Anna Roberts","FEMALE","2022-12-21","Grade 2","ACTIVE"
"198","STU202500198","Benjamin Gutierrez","MALE","2022-12-20","Grade 2","ACTIVE"
"199","STU202500199","Carolyn Wood","FEMALE","2022-12-19","Grade 2","ACTIVE"
"200","STU202500200","James Smith","MALE","2022-12-18","Grade 2","ACTIVE"
"201","STU202500201","Barbara Moore","FEMALE","2022-12-17","Grade 2","ACTIVE"
"202","STU202500202","Daniel Wright","MALE","2022-12-16","Grade 2","ACTIVE"
"203","STU202500203","Kimberly Phillips","FEMALE","2022-12-15","Grade 2","ACTIVE"
"204","STU202500204","George Morgan","MALE","2022-12-14","Grade 2","ACTIVE"
"205","STU202500205","Laura Bennett","FEMALE","2022-12-13","Grade 2","ACTIVE"
"206","STU202500206","Jonathan Williams","MALE","2022-12-12","Grade 2","ACTIVE"
"207","STU202500207","Helen Martin","FEMALE","2022-12-11","Grade 2","ACTIVE"
"208","STU202500208","Alexander Torres","MALE","2022-12-10","Grade 2","ACTIVE"
"209","STU202500209","Diane Turner","FEMALE","2022-12-09","Grade 2","ACTIVE"
"210","STU202500210","William Peterson","MALE","2022-12-08","Grade 2","ACTIVE"
"211","STU202500211","Lisa Mendoza","FEMALE","2022-12-07","Grade 2","ACTIVE"
"212","STU202500212","Steven Jones","MALE","2022-12-06","Grade 2","ACTIVE"
"213","STU202500213","Dorothy Perez","FEMALE","2022-12-05","Grade 2","ACTIVE"
"214","STU202500214","Jeffrey Hill","MALE","2022-12-04","Grade 2","ACTIVE"
"215","STU202500215","Shirley Parker","FEMALE","2022-12-03","Grade 2","ACTIVE"
"216","STU202500216","Brandon Reed","MALE","2022-12-02","Grade 2","ACTIVE"
"217","STU202500217","Rachel Hughes","FEMALE","2022-12-01","Grade 2","ACTIVE"
"218","STU202500218","Tyler Miller","MALE","2022-11-30","Grade 2","ACTIVE"
"219","STU202500219","Elizabeth White","FEMALE","2022-11-29","Grade 2","ACTIVE"
"220","STU202500220","Charles Green","MALE","2022-11-28","Grade 2","ACTIVE"
"221","STU202500221","Ashley Edwards","FEMALE","2022-11-27","Grade 2","ACTIVE"
"222","STU202500222","Brian Howard","MALE","2022-11-26","Grade 2","ACTIVE"
"223","STU202500223","Sharon Alvarez","FEMALE","2022-11-25","Grade 2","ACTIVE"
"224","STU202500224","Eric Rodriguez","MALE","2022-11-24","Grade 2","ACTIVE"
"225","STU202500225","Nicole Sanchez","FEMALE","2022-11-23","Grade 2","ACTIVE"
"226","STU202500226","Frank Nelson","MALE","2022-11-22","Grade 2","ACTIVE"
"227","STU202500227","Heather Reyes","FEMALE","2022-11-21","Grade 2","ACTIVE"
"228","STU202500228","David Kim","MALE","2022-11-20","Grade 2","ACTIVE"
"229","STU202500229","Karen Sanders","FEMALE","2022-11-19","Grade 2","ACTIVE"
"230","STU202500230","Donald Hernandez","MALE","2022-11-18","Grade 2","ACTIVE"
"231","STU202500231","Amanda Ramirez","FEMALE","2022-11-17","Grade 2","ACTIVE"
"232","STU202500232","Jason Hall","MALE","2022-11-16","Grade 2","ACTIVE"
"233","STU202500233","Angela Morris","FEMALE","2022-11-15","Grade 2","ACTIVE"
"234","STU202500234","Scott Ward","MALE","2022-11-14","Grade 2","ACTIVE"
"235","STU202500235","Debra Myers","FEMALE","2022-11-13","Grade 2","ACTIVE"
"236","STU202500236","Jerry Gonzalez","MALE","2022-11-12","Grade 2","ACTIVE"
"237","STU202500237","Linda Robinson","FEMALE","2022-11-11","Grade 2","ACTIVE"
"238","STU202500238","Christopher Campbell","MALE","2022-11-10","Grade 2","ACTIVE"
"239","STU202500239","Sandra Murphy","FEMALE","2022-11-09","Grade 2","ACTIVE"
"240","STU202500240","Kevin Watson","MALE","2022-11-08","Grade 2","ACTIVE"
"241","STU202500241","Rebecca Ross","FEMALE","2022-11-07","Grade 2","ACTIVE"
"242","STU202500242","Nicholas Anderson","MALE","2022-11-06","Grade 2","ACTIVE"
"243","STU202500243","Emma Young","FEMALE","2022-11-05","Grade 2","ACTIVE"
"244","STU202500244","Gregory Carter","MALE","2022-11-04","Grade 2","ACTIVE"
"245","STU202500245","Maria Rogers","FEMALE","2022-11-03","Grade 2","ACTIVE"
"246","STU202500246","Michael Chavez","MALE","2022-11-02","Grade 2","ACTIVE"
"247","STU202500247","Sarah Jimenez","FEMALE","2022-11-01","Grade 2","ACTIVE"
"248","STU202500248","Mark Taylor","MALE","2022-10-31","Grade 2","ACTIVE"
"249","STU202500249","Michelle King","FEMALE","2022-10-30","Grade 2","ACTIVE"
"250","STU202500250","Edward Gomez","MALE","2022-10-29","Grade 2","ACTIVE"
"251","STU202500251","Amy Ortiz","FEMALE","2022-10-28","Grade 2","ACTIVE"
"252","STU202500252","Justin James","MALE","2022-10-27","Grade 2","ACTIVE"
"253","STU202500253","Christine Johnson","FEMALE","2022-10-26","Grade 2","ACTIVE"
"254","STU202500254","Dennis Jackson","MALE","2022-10-25","Grade 2","ACTIVE"
"255","STU202500255","Jennifer Scott","FEMALE","2022-10-24","Grade 2","ACTIVE"
"256","STU202500256","Thomas Evans","MALE","2022-10-23","Grade 2","ACTIVE"
"257","STU202500257","Margaret Cooper","FEMALE","2022-10-22","Grade 2","ACTIVE"
"258","STU202500258","Joshua Gray","MALE","2022-10-21","Grade 2","ACTIVE"
"259","STU202500259","Stephanie Brown","FEMALE","2022-10-20","Grade 2","ACTIVE"
"260","STU202500260","Gary Lee","MALE","2022-10-19","Grade 2","ACTIVE"
"261","STU202500261","Pamela Nguyen","FEMALE","2022-10-18","Grade 2","ACTIVE"
"262","STU202500262","Raymond Diaz","MALE","2022-10-17","Grade 2","ACTIVE"
"263","STU202500263","Catherine Bailey","FEMALE","2022-10-16","Grade 2","ACTIVE"
"264","STU202500264","Robert Ruiz","MALE","2022-10-15","Grade 2","ACTIVE"
"265","STU202500265","Jessica Garcia","FEMALE","2022-10-14","Grade 2","ACTIVE"
"266","STU202500266","Anthony Thompson","MALE","2022-10-13","Grade 2","ACTIVE"
"267","STU202500267","Donna Flores","FEMALE","2022-10-12","Grade 2","ACTIVE"
"268","STU202500268","Ronald Cruz","MALE","2022-10-11","Grade 2","ACTIVE"
"269","STU202500269","Kathleen Kelly","FEMALE","2021-10-10","Grade 3","ACTIVE"
"270","STU202500270","Larry Price","MALE","2021-10-09","Grade 3","ACTIVE"
"271","STU202500271","Katherine Davis","FEMALE","2021-10-08","Grade 3","ACTIVE"
"272","STU202500272","Jack Harris","MALE","2021-10-07","Grade 3","ACTIVE"
"273","STU202500273","Patricia Adams","FEMALE","2021-10-06","Grade 3","ACTIVE"
"274","STU202500274","Joseph Collins","MALE","2021-10-05","Grade 3","ACTIVE"
"275","STU202500275","Betty Ramos","FEMALE","2021-10-04","Grade 3","ACTIVE"
"276","STU202500276","Andrew Castillo","MALE","2021-10-03","Grade 3","ACTIVE"
"277","STU202500277","Deborah Martinez","FEMALE","2021-10-02","Grade 3","ACTIVE"
"278","STU202500278","Jacob Clark","MALE","2021-10-01","Grade 3","ACTIVE"
"279","STU202500279","Brenda Baker","FEMALE","2021-09-30","Grade 3","ACTIVE"
"280","STU202500280","Samuel Stewart","MALE","2021-09-29","Grade 3","ACTIVE"
"281","STU202500281","Janet Cox","FEMALE","2021-09-28","Grade 3","ACTIVE"
"282","STU202500282","John Patel","MALE","2021-09-27","Grade 3","ACTIVE"
"283","STU202500283","Susan Lopez","FEMALE","2021-09-26","Grade 3","ACTIVE"
"284","STU202500284","Matthew Lewis","MALE","2021-09-25","Grade 3","ACTIVE"
"285","STU202500285","Emily Rivera","FEMALE","2021-09-24","Grade 3","ACTIVE"
"286","STU202500286","Timothy Morales","MALE","2021-09-23","Grade 3","ACTIVE"
"287","STU202500287","Cynthia Richardson","FEMALE","2021-09-22","Grade 3","ACTIVE"
"288","STU202500288","Stephen Long","MALE","2021-09-21","Grade 3","ACTIVE"
"289","STU202500289","Samantha Wilson","FEMALE","2021-09-20","Grade 3","ACTIVE"
"290","STU202500290","Patrick Walker","MALE","2021-09-19","Grade 3","ACTIVE"
"291","STU202500291","Mary Mitchell","FEMALE","2021-09-18","Grade 3","ACTIVE"
"292","STU202500292","Richard Cook","MALE","2021-09-17","Grade 3","ACTIVE"
"293","STU202500293","Nancy Brooks","FEMALE","2021-09-16","Grade 3","ACTIVE"
"294","STU202500294","Paul Foster","MALE","2021-09-15","Grade 3","ACTIVE"
"295","STU202500295","Melissa Thomas","FEMALE","2021-09-14","Grade 3","ACTIVE"
"296","STU202500296","Ryan Allen","MALE","2021-09-13","Grade 3","ACTIVE"
"297","STU202500297","Anna Roberts","FEMALE","2021-09-12","Grade 3","ACTIVE"
"298","STU202500298","Benjamin Gutierrez","MALE","2021-09-11","Grade 3","ACTIVE"
"299","STU202500299","Carolyn Wood","FEMALE","2021-09-10","Grade 3","ACTIVE"
"300","STU202500300","James Smith","MALE","2021-09-09","Grade 3","ACTIVE"
"301","STU202500301","Barbara Moore","FEMALE","2021-09-08","Grade 3","ACTIVE"
"302","STU202500302","Daniel Wright","MALE","2021-09-07","Grade 3","ACTIVE"
"303","STU202500303","Kimberly Phillips","FEMALE","2021-09-06","Grade 3","ACTIVE"
"304","STU202500304","George Morgan","MALE","2021-09-05","Grade 3","ACTIVE"
"305","STU202500305","Laura Bennett","FEMALE","2021-09-04","Grade 3","ACTIVE"
"306","STU202500306","Jonathan Williams","MALE","2021-09-03","Grade 3","ACTIVE"
"307","STU202500307","Helen Martin","FEMALE","2021-09-02","Grade 3","ACTIVE"
"308","STU202500308","Alexander Torres","MALE","2021-09-01","Grade 3","ACTIVE"
"309","STU202500309","Diane Turner","FEMALE","2021-08-31","Grade 3","ACTIVE"
"310","STU202500310","William Peterson","MALE","2021-08-30","Grade 3","ACTIVE"
"311","STU202500311","Lisa Mendoza","FEMALE","2021-08-29","Grade 3","ACTIVE"
"312","STU202500312","Steven Jones","MALE","2021-08-28","Grade 3","ACTIVE"
"313","STU202500313","Dorothy Perez","FEMALE","2021-08-27","Grade 3","ACTIVE"
"314","STU202500314","Jeffrey Hill","MALE","2021-08-26","Grade 3","ACTIVE"
"315","STU202500315","Shirley Parker","FEMALE","2021-08-25","Grade 3","ACTIVE"
"316","STU202500316","Brandon Reed","MALE","2021-08-24","Grade 3","ACTIVE"
"317","STU202500317","Rachel Hughes","FEMALE","2021-08-23","Grade 3","ACTIVE"
"318","STU202500318","Tyler Miller","MALE","2021-08-22","Grade 3","ACTIVE"
"319","STU202500319","Elizabeth White","FEMALE","2021-08-21","Grade 3","ACTIVE"
"320","STU202500320","Charles Green","MALE","2021-08-20","Grade 3","ACTIVE"
"321","STU202500321","Ashley Edwards","FEMALE","2021-08-19","Grade 3","ACTIVE"
"322","STU202500322","Brian Howard","MALE","2021-08-18","Grade 3","ACTIVE"
"323","STU202500323","Sharon Alvarez","FEMALE","2021-08-17","Grade 3","ACTIVE"
"324","STU202500324","Eric Rodriguez","MALE","2021-08-16","Grade 3","ACTIVE"
"325","STU202500325","Nicole Sanchez","FEMALE","2021-08-15","Grade 3","ACTIVE"
"326","STU202500326","Frank Nelson","MALE","2021-08-14","Grade 3","ACTIVE"
"327","STU202500327","Heather Reyes","FEMALE","2021-08-13","Grade 3","ACTIVE"
"328","STU202500328","David Kim","MALE","2021-08-12","Grade 3","ACTIVE"
"329","STU202500329","Karen Sanders","FEMALE","2021-08-11","Grade 3","ACTIVE"
"330","STU202500330","Donald Hernandez","MALE","2021-08-10","Grade 3","ACTIVE"
"331","STU202500331","Amanda Ramirez","FEMALE","2021-08-09","Grade 3","ACTIVE"
"332","STU202500332","Jason Hall","MALE","2021-08-08","Grade 3","ACTIVE"
"333","STU202500333","Angela Morris","FEMALE","2021-08-07","Grade 3","ACTIVE"
"334","STU202500334","Scott Ward","MALE","2021-08-06","Grade 3","ACTIVE"
"335","STU202500335","Debra Myers","FEMALE","2021-08-05","Grade 3","ACTIVE"
"336","STU202500336","Jerry Gonzalez","MALE","2021-08-04","Grade 3","ACTIVE"
"337","STU202500337","Linda Robinson","FEMALE","2021-08-03","Grade 3","ACTIVE"
"338","STU202500338","Christopher Campbell","MALE","2021-08-02","Grade 3","ACTIVE"
"339","STU202500339","Sandra Murphy","FEMALE","2021-08-01","Grade 3","ACTIVE"
"340","STU202500340","Kevin Watson","MALE","2021-07-31","Grade 3","ACTIVE"
"341","STU202500341","Rebecca Ross","FEMALE","2021-07-30","Grade 3","ACTIVE"
"342","STU202500342","Nicholas Anderson","MALE","2021-07-29","Grade 3","ACTIVE"
"343","STU202500343","Emma Young","FEMALE","2021-07-28","Grade 3","ACTIVE"
"344","STU202500344","Gregory Carter","MALE","2021-07-27","Grade 3","ACTIVE"
"345","STU202500345","Maria Rogers","FEMALE","2021-07-26","Grade 3","ACTIVE"
"346","STU202500346","Michael Chavez","MALE","2021-07-25","Grade 3","ACTIVE"
"347","STU202500347","Sarah Jimenez","FEMALE","2021-07-24","Grade 3","ACTIVE"
"348","STU202500348","Mark Taylor","MALE","2021-07-23","Grade 3","ACTIVE"
"349","STU202500349","Michelle King","FEMALE","2021-07-22","Grade 3","ACTIVE"
"350","STU202500350","Edward Gomez","MALE","2021-07-21","Grade 3","ACTIVE"
"351","STU202500351","Amy Ortiz","FEMALE","2021-07-20","Grade 3","ACTIVE"
"352","STU202500352","Justin James","MALE","2021-07-19","Grade 3","ACTIVE"
"353","STU202500353","Christine Johnson","FEMALE","2021-07-18","Grade 3","ACTIVE"
"354","STU202500354","Dennis Jackson","MALE","2021-07-17","Grade 3","ACTIVE"
"355","STU202500355","Jennifer Scott","FEMALE","2021-07-16","Grade 3","ACTIVE"
"356","STU202500356","Thomas Evans","MALE","2021-07-15","Grade 3","ACTIVE"
"357","STU202500357","Margaret Cooper","FEMALE","2021-07-14","Grade 3","ACTIVE"
"358","STU202500358","Joshua Gray","MALE","2021-07-13","Grade 3","ACTIVE"
"359","STU202500359","Stephanie Brown","FEMALE","2021-07-12","Grade 3","ACTIVE"
"360","STU202500360","Gary Lee","MALE","2021-07-11","Grade 3","ACTIVE"
"361","STU202500361","Pamela Nguyen","FEMALE","2021-07-10","Grade 3","ACTIVE"
"362","STU202500362","Raymond Diaz","MALE","2021-07-09","Grade 3","ACTIVE"
"363","STU202500363","Catherine Bailey","FEMALE","2021-07-08","Grade 3","ACTIVE"
"364","STU202500364","Robert Ruiz","MALE","2021-07-07","Grade 3","ACTIVE"
"365","STU202500365","Jessica Garcia","FEMALE","2022-07-06","Grade 3","ACTIVE"
"366","STU202500366","Anthony Thompson","MALE","2022-07-05","Grade 3","ACTIVE"
"367","STU202500367","Donna Flores","FEMALE","2022-07-04","Grade 3","ACTIVE"
"368","STU202500368","Ronald Cruz","MALE","2022-07-03","Grade 3","ACTIVE"
"369","STU202500369","Kathleen Kelly","FEMALE","2022-07-02","Grade 3","ACTIVE"
"370","STU202500370","Larry Price","MALE","2022-07-01","Grade 3","ACTIVE"
"371","STU202500371","Katherine Davis","FEMALE","2022-06-30","Grade 3","ACTIVE"
"372","STU202500372","Jack Harris","MALE","2022-06-29","Grade 3","ACTIVE"
"373","STU202500373","Patricia Adams","FEMALE","2022-06-28","Grade 3","ACTIVE"
"374","STU202500374","Joseph Collins","MALE","2022-06-27","Grade 3","ACTIVE"
"375","STU202500375","Betty Ramos","FEMALE","2022-06-26","Grade 3","ACTIVE"
"376","STU202500376","Andrew Castillo","MALE","2022-06-25","Grade 3","ACTIVE"
"377","STU202500377","Deborah Martinez","FEMALE","2022-06-24","Grade 3","ACTIVE"
"378","STU202500378","Jacob Clark","MALE","2022-06-23","Grade 3","ACTIVE"
"379","STU202500379","Brenda Baker","FEMALE","2022-06-22","Grade 3","ACTIVE"
"380","STU202500380","Samuel Stewart","MALE","2022-06-21","Grade 3","ACTIVE"
"381","STU202500381","Janet Cox","FEMALE","2022-06-20","Grade 3","ACTIVE"
"382","STU202500382","John Patel","MALE","2022-06-19","Grade 3","ACTIVE"
"383","STU202500383","Susan Lopez","FEMALE","2022-06-18","Grade 3","ACTIVE"
"384","STU202500384","Matthew Lewis","MALE","2022-06-17","Grade 3","ACTIVE"
"385","STU202500385","Emily Rivera","FEMALE","2022-06-16","Grade 3","ACTIVE"
"386","STU202500386","Timothy Morales","MALE","2022-06-15","Grade 3","ACTIVE"
"387","STU202500387","Cynthia Richardson","FEMALE","2022-06-14","Grade 3","ACTIVE"
"388","STU202500388","Stephen Long","MALE","2022-06-13","Grade 3","ACTIVE"
"389","STU202500389","Samantha Wilson","FEMALE","2022-06-12","Grade 3","ACTIVE"
"390","STU202500390","Patrick Walker","MALE","2022-06-11","Grade 3","ACTIVE"
"391","STU202500391","Mary Mitchell","FEMALE","2022-06-10","Grade 3","ACTIVE"
"392","STU202500392","Richard Cook","MALE","2022-06-09","Grade 3","ACTIVE"
"393","STU202500393","Nancy Brooks","FEMALE","2022-06-08","Grade 3","ACTIVE"
"394","STU202500394","Paul Foster","MALE","2022-06-07","Grade 3","ACTIVE"
"395","STU202500395","Melissa Thomas","FEMALE","2022-06-06","Grade 3","ACTIVE"
"396","STU202500396","Ryan Allen","MALE","2022-06-05","Grade 3","ACTIVE"
"397","STU202500397","Anna Roberts","FEMALE","2022-06-04","Grade 3","ACTIVE"
"398","STU202500398","Benjamin Gutierrez","MALE","2022-06-03","Grade 3","ACTIVE"
"399","STU202500399","Carolyn Wood","FEMALE","2022-06-02","Grade 3","ACTIVE"
"400","STU202500400","James Smith","MALE","2022-06-01","Grade 3","ACTIVE"
"401","STU202500401","Barbara Moore","FEMALE","2022-05-31","Grade 3","ACTIVE"
"402","STU202500402","Daniel Wright","MALE","2022-05-30","Grade 3","ACTIVE"
"403","STU202500403","Kimberly Phillips","FEMALE","2021-05-29","Grade 4","ACTIVE"
"404","STU202500404","George Morgan","MALE","2021-05-28","Grade 4","ACTIVE"
"405","STU202500405","Laura Bennett","FEMALE","2021-05-27","Grade 4","ACTIVE"
"406","STU202500406","Jonathan Williams","MALE","2021-05-26","Grade 4","ACTIVE"
"407","STU202500407","Helen Martin","FEMALE","2021-05-25","Grade 4","ACTIVE"
"408","STU202500408","Alexander Torres","MALE","2021-05-24","Grade 4","ACTIVE"
"409","STU202500409","Diane Turner","FEMALE","2021-05-23","Grade 4","ACTIVE"
"410","STU202500410","William Peterson","MALE","2021-05-22","Grade 4","ACTIVE"
"411","STU202500411","Lisa Mendoza","FEMALE","2021-05-21","Grade 4","ACTIVE"
"412","STU202500412","Steven Jones","MALE","2021-05-20","Grade 4","ACTIVE"
"413","STU202500413","Dorothy Perez","FEMALE","2021-05-19","Grade 4","ACTIVE"
"414","STU202500414","Jeffrey Hill","MALE","2021-05-18","Grade 4","ACTIVE"
"415","STU202500415","Shirley Parker","FEMALE","2021-05-17","Grade 4","ACTIVE"
"416","STU202500416","Brandon Reed","MALE","2021-05-16","Grade 4","ACTIVE"
"417","STU202500417","Rachel Hughes","FEMALE","2021-05-15","Grade 4","ACTIVE"
"418","STU202500418","Tyler Miller","MALE","2021-05-14","Grade 4","ACTIVE"
"419","STU202500419","Elizabeth White","FEMALE","2021-05-13","Grade 4","ACTIVE"
"420","STU202500420","Charles Green","MALE","2021-05-12","Grade 4","ACTIVE"
"421","STU202500421","Ashley Edwards","FEMALE","2021-05-11","Grade 4","ACTIVE"
"422","STU202500422","Brian Howard","MALE","2021-05-10","Grade 4","ACTIVE"
"423","STU202500423","Sharon Alvarez","FEMALE","2021-05-09","Grade 4","ACTIVE"
"424","STU202500424","Eric Rodriguez","MALE","2021-05-08","Grade 4","ACTIVE"
"425","STU202500425","Nicole Sanchez","FEMALE","2021-05-07","Grade 4","ACTIVE"
"426","STU202500426","Frank Nelson","MALE","2021-05-06","Grade 4","ACTIVE"
"427","STU202500427","Heather Reyes","FEMALE","2021-05-05","Grade 4","ACTIVE"
"428","STU202500428","David Kim","MALE","2021-05-04","Grade 4","ACTIVE"
"429","STU202500429","Karen Sanders","FEMALE","2021-05-03","Grade 4","ACTIVE"
"430","STU202500430","Donald Hernandez","MALE","2021-05-02","Grade 4","ACTIVE"
"431","STU202500431","Amanda Ramirez","FEMALE","2021-05-01","Grade 4","ACTIVE"
"432","STU202500432","Jason Hall","MALE","2021-04-30","Grade 4","ACTIVE"
"433","STU202500433","Angela Morris","FEMALE","2021-04-29","Grade 4","ACTIVE"
"434","STU202500434","Scott Ward","MALE","2021-04-28","Grade 4","ACTIVE"
"435","STU202500435","Debra Myers","FEMALE","2021-04-27","Grade 4","ACTIVE"
"436","STU202500436","Jerry Gonzalez","MALE","2021-04-26","Grade 4","ACTIVE"
"437","STU202500437","Linda Robinson","FEMALE","2021-04-25","Grade 4","ACTIVE"
"438","STU202500438","Christopher Campbell","MALE","2021-04-24","Grade 4","ACTIVE"
"439","STU202500439","Sandra Murphy","FEMALE","2021-04-23","Grade 4","ACTIVE"
"440","STU202500440","Kevin Watson","MALE","2021-04-22","Grade 4","ACTIVE"
"441","STU202500441","Rebecca Ross","FEMALE","2021-04-21","Grade 4","ACTIVE"
"442","STU202500442","Nicholas Anderson","MALE","2021-04-20","Grade 4","ACTIVE"
"443","STU202500443","Emma Young","FEMALE","2021-04-19","Grade 4","ACTIVE"
"444","STU202500444","Gregory Carter","MALE","2021-04-18","Grade 4","ACTIVE"
"445","STU202500445","Maria Rogers","FEMALE","2021-04-17","Grade 4","ACTIVE"
"446","STU202500446","Michael Chavez","MALE","2021-04-16","Grade 4","ACTIVE"
"447","STU202500447","Sarah Jimenez","FEMALE","2021-04-15","Grade 4","ACTIVE"
"448","STU202500448","Mark Taylor","MALE","2021-04-14","Grade 4","ACTIVE"
"449","STU202500449","Michelle King","FEMALE","2021-04-13","Grade 4","ACTIVE"
"450","STU202500450","Edward Gomez","MALE","2021-04-12","Grade 4","ACTIVE"
"451","STU202500451","Amy Ortiz","FEMALE","2021-04-11","Grade 4","ACTIVE"
"452","STU202500452","Justin James","MALE","2021-04-10","Grade 4","ACTIVE"
"453","STU202500453","Christine Johnson","FEMALE","2021-04-09","Grade 4","ACTIVE"
"454","STU202500454","Dennis Jackson","MALE","2021-04-08","Grade 4","ACTIVE"
"455","STU202500455","Jennifer Scott","FEMALE","2021-04-07","Grade 4","ACTIVE"
"456","STU202500456","Thomas Evans","MALE","2021-04-06","Grade 4","ACTIVE"
"457","STU202500457","Margaret Cooper","FEMALE","2021-04-05","Grade 4","ACTIVE"
"458","STU202500458","Joshua Gray","MALE","2021-04-04","Grade 4","ACTIVE"
"459","STU202500459","Stephanie Brown","FEMALE","2021-04-03","Grade 4","ACTIVE"
"460","STU202500460","Gary Lee","MALE","2021-04-02","Grade 4","ACTIVE"
"461","STU202500461","Pamela Nguyen","FEMALE","2021-04-01","Grade 4","ACTIVE"
"462","STU202500462","Raymond Diaz","MALE","2021-03-31","Grade 4","ACTIVE"
"463","STU202500463","Catherine Bailey","FEMALE","2021-03-30","Grade 4","ACTIVE"
"464","STU202500464","Robert Ruiz","MALE","2021-03-29","Grade 4","ACTIVE"
"465","STU202500465","Jessica Garcia","FEMALE","2021-03-28","Grade 4","ACTIVE"
"466","STU202500466","Anthony Thompson","MALE","2021-03-27","Grade 4","ACTIVE"
"467","STU202500467","Donna Flores","FEMALE","2021-03-26","Grade 4","ACTIVE"
"468","STU202500468","Ronald Cruz","MALE","2021-03-25","Grade 4","ACTIVE"
"469","STU202500469","Kathleen Kelly","FEMALE","2021-03-24","Grade 4","ACTIVE"
"470","STU202500470","Larry Price","MALE","2021-03-23","Grade 4","ACTIVE"
"471","STU202500471","Katherine Davis","FEMALE","2021-03-22","Grade 4","ACTIVE"
"472","STU202500472","Jack Harris","MALE","2021-03-21","Grade 4","ACTIVE"
"473","STU202500473","Patricia Adams","FEMALE","2021-03-20","Grade 4","ACTIVE"
"474","STU202500474","Joseph Collins","MALE","2021-03-19","Grade 4","ACTIVE"
"475","STU202500475","Betty Ramos","FEMALE","2021-03-18","Grade 4","ACTIVE"
"476","STU202500476","Andrew Castillo","MALE","2021-03-17","Grade 4","ACTIVE"
"477","STU202500477","Deborah Martinez","FEMALE","2021-03-16","Grade 4","ACTIVE"
"478","STU202500478","Jacob Clark","MALE","2021-03-15","Grade 4","ACTIVE"
"479","STU202500479","Brenda Baker","FEMALE","2021-03-14","Grade 4","ACTIVE"
"480","STU202500480","Samuel Stewart","MALE","2021-03-13","Grade 4","ACTIVE"
"481","STU202500481","Janet Cox","FEMALE","2021-03-12","Grade 4","ACTIVE"
"482","STU202500482","John Patel","MALE","2021-03-11","Grade 4","ACTIVE"
"483","STU202500483","Susan Lopez","FEMALE","2021-03-10","Grade 4","ACTIVE"
"484","STU202500484","Matthew Lewis","MALE","2021-03-09","Grade 4","ACTIVE"
"485","STU202500485","Emily Rivera","FEMALE","2021-03-08","Grade 4","ACTIVE"
"486","STU202500486","Timothy Morales","MALE","2021-03-07","Grade 4","ACTIVE"
"487","STU202500487","Cynthia Richardson","FEMALE","2021-03-06","Grade 4","ACTIVE"
"488","STU202500488","Stephen Long","MALE","2021-03-05","Grade 4","ACTIVE"
"489","STU202500489","Samantha Wilson","FEMALE","2021-03-04","Grade 4","ACTIVE"
"490","STU202500490","Patrick Walker","MALE","2021-03-03","Grade 4","ACTIVE"
"491","STU202500491","Mary Mitchell","FEMALE","2021-03-02","Grade 4","ACTIVE"
"492","STU202500492","Richard Cook","MALE","2021-03-01","Grade 4","ACTIVE"
"493","STU202500493","Nancy Brooks","FEMALE","2021-02-28","Grade 4","ACTIVE"
"494","STU202500494","Paul Foster","MALE","2021-02-27","Grade 4","ACTIVE"
"495","STU202500495","Melissa Thomas","FEMALE","2021-02-26","Grade 4","ACTIVE"
"496","STU202500496","Ryan Allen","MALE","2021-02-25","Grade 4","ACTIVE"
"497","STU202500497","Anna Roberts","FEMALE","2021-02-24","Grade 4","ACTIVE"
"498","STU202500498","Benjamin Gutierrez","MALE","2021-02-23","Grade 4","ACTIVE"
"499","STU202500499","Carolyn Wood","FEMALE","2021-02-22","Grade 4","ACTIVE"
"500","STU202500500","James Smith","MALE","2021-02-21","Grade 4","ACTIVE"
"501","STU202500501","Barbara Moore","FEMALE","2021-02-20","Grade 4","ACTIVE"
"502","STU202500502","Daniel Wright","MALE","2021-02-19","Grade 4","ACTIVE"
"503","STU202500503","Kimberly Phillips","FEMALE","2021-02-18","Grade 4","ACTIVE"
"504","STU202500504","George Morgan","MALE","2021-02-17","Grade 4","ACTIVE"
"505","STU202500505","Laura Bennett","FEMALE","2021-02-16","Grade 4","ACTIVE"
"506","STU202500506","Jonathan Williams","MALE","2021-02-15","Grade 4","ACTIVE"
"507","STU202500507","Helen Martin","FEMALE","2021-02-14","Grade 4","ACTIVE"
"508","STU202500508","Alexander Torres","MALE","2021-02-13","Grade 4","ACTIVE"
"509","STU202500509","Diane Turner","FEMALE","2021-02-12","Grade 4","ACTIVE"
"510","STU202500510","William Peterson","MALE","2021-02-11","Grade 4","ACTIVE"
"511","STU202500511","Lisa Mendoza","FEMALE","2021-02-10","Grade 4","ACTIVE"
"512","STU202500512","Steven Jones","MALE","2021-02-09","Grade 4","ACTIVE"
"513","STU202500513","Dorothy Perez","FEMALE","2021-02-08","Grade 4","ACTIVE"
"514","STU202500514","Jeffrey Hill","MALE","2021-02-07","Grade 4","ACTIVE"
"515","STU202500515","Shirley Parker","FEMALE","2021-02-06","Grade 4","ACTIVE"
"516","STU202500516","Brandon Reed","MALE","2021-02-05","Grade 4","ACTIVE"
"517","STU202500517","Rachel Hughes","FEMALE","2021-02-04","Grade 4","ACTIVE"
"518","STU202500518","Tyler Miller","MALE","2021-02-03","Grade 4","ACTIVE"
"519","STU202500519","Elizabeth White","FEMALE","2021-02-02","Grade 4","ACTIVE"
"520","STU202500520","Charles Green","MALE","2021-02-01","Grade 4","ACTIVE"
"521","STU202500521","Ashley Edwards","FEMALE","2021-01-31","Grade 4","ACTIVE"
"522","STU202500522","Brian Howard","MALE","2021-01-30","Grade 4","ACTIVE"
"523","STU202500523","Sharon Alvarez","FEMALE","2021-01-29","Grade 4","ACTIVE"
"524","STU202500524","Eric Rodriguez","MALE","2021-01-28","Grade 4","ACTIVE"
"525","STU202500525","Nicole Sanchez","FEMALE","2021-01-27","Grade 4","ACTIVE"
"526","STU202500526","Frank Nelson","MALE","2021-01-26","Grade 4","ACTIVE"
"527","STU202500527","Heather Reyes","FEMALE","2021-01-25","Grade 4","ACTIVE"
"528","STU202500528","David Kim","MALE","2021-01-24","Grade 4","ACTIVE"
"529","STU202500529","Karen Sanders","FEMALE","2021-01-23","Grade 4","ACTIVE"
"530","STU202500530","Donald Hernandez","MALE","2021-01-22","Grade 4","ACTIVE"
"531","STU202500531","Amanda Ramirez","FEMALE","2021-01-21","Grade 4","ACTIVE"
"532","STU202500532","Jason Hall","MALE","2021-01-20","Grade 4","ACTIVE"
"533","STU202500533","Angela Morris","FEMALE","2021-01-19","Grade 4","ACTIVE"
"534","STU202500534","Scott Ward","MALE","2021-01-18","Grade 4","ACTIVE"
"535","STU202500535","Debra Myers","FEMALE","2021-01-17","Grade 4","ACTIVE"
"536","STU202500536","Jerry Gonzalez","MALE","2021-01-16","Grade 4","ACTIVE"
"537","STU202500537","Linda Robinson","FEMALE","2020-01-16","Grade 5","ACTIVE"
"538","STU202500538","Christopher Campbell","MALE","2020-01-15","Grade 5","ACTIVE"
"539","STU202500539","Sandra Murphy","FEMALE","2020-01-14","Grade 5","ACTIVE"
"540","STU202500540","Kevin Watson","MALE","2020-01-13","Grade 5","ACTIVE"
"541","STU202500541","Rebecca Ross","FEMALE","2020-01-12","Grade 5","ACTIVE"
"542","STU202500542","Nicholas Anderson","MALE","2020-01-11","Grade 5","ACTIVE"
"543","STU202500543","Emma Young","FEMALE","2020-01-10","Grade 5","ACTIVE"
"544","STU202500544","Gregory Carter","MALE","2020-01-09","Grade 5","ACTIVE"
"545","STU202500545","Maria Rogers","FEMALE","2020-01-08","Grade 5","ACTIVE"
"546","STU202500546","Michael Chavez","MALE","2020-01-07","Grade 5","ACTIVE"
"547","STU202500547","Sarah Jimenez","FEMALE","2020-01-06","Grade 5","ACTIVE"
"548","STU202500548","Mark Taylor","MALE","2020-01-05","Grade 5","ACTIVE"
"549","STU202500549","Michelle King","FEMALE","2020-01-04","Grade 5","ACTIVE"
"550","STU202500550","Edward Gomez","MALE","2020-01-03","Grade 5","ACTIVE"
"551","STU202500551","Amy Ortiz","FEMALE","2020-01-02","Grade 5","ACTIVE"
"552","STU202500552","Justin James","MALE","2020-01-01","Grade 5","ACTIVE"
"553","STU202500553","Christine Johnson","FEMALE","2019-12-31","Grade 5","ACTIVE"
"554","STU202500554","Dennis Jackson","MALE","2019-12-30","Grade 5","ACTIVE"
"555","STU202500555","Jennifer Scott","FEMALE","2019-12-29","Grade 5","ACTIVE"
"556","STU202500556","Thomas Evans","MALE","2019-12-28","Grade 5","ACTIVE"
"557","STU202500557","Margaret Cooper","FEMALE","2019-12-27","Grade 5","ACTIVE"
"558","STU202500558","Joshua Gray","MALE","2019-12-26","Grade 5","ACTIVE"
"559","STU202500559","Stephanie Brown","FEMALE","2019-12-25","Grade 5","ACTIVE"
"560","STU202500560","Gary Lee","MALE","2019-12-24","Grade 5","ACTIVE"
"561","STU202500561","Pamela Nguyen","FEMALE","2019-12-23","Grade 5","ACTIVE"
"562","STU202500562","Raymond Diaz","MALE","2019-12-22","Grade 5","ACTIVE"
"563","STU202500563","Catherine Bailey","FEMALE","2019-12-21","Grade 5","ACTIVE"
"564","STU202500564","Robert Ruiz","MALE","2019-12-20","Grade 5","ACTIVE"
"565","STU202500565","Jessica Garcia","FEMALE","2019-12-19","Grade 5","ACTIVE"
"566","STU202500566","Anthony Thompson","MALE","2019-12-18","Grade 5","ACTIVE"
"567","STU202500567","Donna Flores","FEMALE","2019-12-17","Grade 5","ACTIVE"
"568","STU202500568","Ronald Cruz","MALE","2019-12-16","Grade 5","ACTIVE"
"569","STU202500569","Kathleen Kelly","FEMALE","2019-12-15","Grade 5","ACTIVE"
"570","STU202500570","Larry Price","MALE","2019-12-14","Grade 5","ACTIVE"
"571","STU202500571","Katherine Davis","FEMALE","2019-12-13","Grade 5","ACTIVE"
"572","STU202500572","Jack Harris","MALE","2019-12-12","Grade 5","ACTIVE"
"573","STU202500573","Patricia Adams","FEMALE","2019-12-11","Grade 5","ACTIVE"
"574","STU202500574","Joseph Collins","MALE","2019-12-10","Grade 5","ACTIVE"
"575","STU202500575","Betty Ramos","FEMALE","2019-12-09","Grade 5","ACTIVE"
"576","STU202500576","Andrew Castillo","MALE","2019-12-08","Grade 5","ACTIVE"
"577","STU202500577","Deborah Martinez","FEMALE","2019-12-07","Grade 5","ACTIVE"
"578","STU202500578","Jacob Clark","MALE","2019-12-06","Grade 5","ACTIVE"
"579","STU202500579","Brenda Baker","FEMALE","2019-12-05","Grade 5","ACTIVE"
"580","STU202500580","Samuel Stewart","MALE","2019-12-04","Grade 5","ACTIVE"
"581","STU202500581","Janet Cox","FEMALE","2019-12-03","Grade 5","ACTIVE"
"582","STU202500582","John Patel","MALE","2019-12-02","Grade 5","ACTIVE"
"583","STU202500583","Susan Lopez","FEMALE","2019-12-01","Grade 5","ACTIVE"
"584","STU202500584","Matthew Lewis","MALE","2019-11-30","Grade 5","ACTIVE"
"585","STU202500585","Emily Rivera","FEMALE","2019-11-29","Grade 5","ACTIVE"
"586","STU202500586","Timothy Morales","MALE","2019-11-28","Grade 5","ACTIVE"
"587","STU202500587","Cynthia Richardson","FEMALE","2019-11-27","Grade 5","ACTIVE"
"588","STU202500588","Stephen Long","MALE","2019-11-26","Grade 5","ACTIVE"
"589","STU202500589","Samantha Wilson","FEMALE","2019-11-25","Grade 5","ACTIVE"
"590","STU202500590","Patrick Walker","MALE","2019-11-24","Grade 5","ACTIVE"
"591","STU202500591","Mary Mitchell","FEMALE","2019-11-23","Grade 5","ACTIVE"
"592","STU202500592","Richard Cook","MALE","2019-11-22","Grade 5","ACTIVE"
"593","STU202500593","Nancy Brooks","FEMALE","2019-11-21","Grade 5","ACTIVE"
"594","STU202500594","Paul Foster","MALE","2019-11-20","Grade 5","ACTIVE"
"595","STU202500595","Melissa Thomas","FEMALE","2019-11-19","Grade 5","ACTIVE"
"596","STU202500596","Ryan Allen","MALE","2019-11-18","Grade 5","ACTIVE"
"597","STU202500597","Anna Roberts","FEMALE","2019-11-17","Grade 5","ACTIVE"
"598","STU202500598","Benjamin Gutierrez","MALE","2019-11-16","Grade 5","ACTIVE"
"599","STU202500599","Carolyn Wood","FEMALE","2019-11-15","Grade 5","ACTIVE"
"600","STU202500600","James Smith","MALE","2019-11-14","Grade 5","ACTIVE"
"601","STU202500601","Barbara Moore","FEMALE","2019-11-13","Grade 5","ACTIVE"
"602","STU202500602","Daniel Wright","MALE","2019-11-12","Grade 5","ACTIVE"
"603","STU202500603","Kimberly Phillips","FEMALE","2019-11-11","Grade 5","ACTIVE"
"604","STU202500604","George Morgan","MALE","2019-11-10","Grade 5","ACTIVE"
"605","STU202500605","Laura Bennett","FEMALE","2019-11-09","Grade 5","ACTIVE"
"606","STU202500606","Jonathan Williams","MALE","2019-11-08","Grade 5","ACTIVE"
"607","STU202500607","Helen Martin","FEMALE","2019-11-07","Grade 5","ACTIVE"
"608","STU202500608","Alexander Torres","MALE","2019-11-06","Grade 5","ACTIVE"
"609","STU202500609","Diane Turner","FEMALE","2019-11-05","Grade 5","ACTIVE"
"610","STU202500610","William Peterson","MALE","2019-11-04","Grade 5","ACTIVE"
"611","STU202500611","Lisa Mendoza","FEMALE","2019-11-03","Grade 5","ACTIVE"
"612","STU202500612","Steven Jones","MALE","2019-11-02","Grade 5","ACTIVE"
"613","STU202500613","Dorothy Perez","FEMALE","2019-11-01","Grade 5","ACTIVE"
"614","STU202500614","Jeffrey Hill","MALE","2019-10-31","Grade 5","ACTIVE"
"615","STU202500615","Shirley Parker","FEMALE","2019-10-30","Grade 5","ACTIVE"
"616","STU202500616","Brandon Reed","MALE","2019-10-29","Grade 5","ACTIVE"
"617","STU202500617","Rachel Hughes","FEMALE","2019-10-28","Grade 5","ACTIVE"
"618","STU202500618","Tyler Miller","MALE","2019-10-27","Grade 5","ACTIVE"
"619","STU202500619","Elizabeth White","FEMALE","2019-10-26","Grade 5","ACTIVE"
"620","STU202500620","Charles Green","MALE","2019-10-25","Grade 5","ACTIVE"
"621","STU202500621","Ashley Edwards","FEMALE","2019-10-24","Grade 5","ACTIVE"
"622","STU202500622","Brian Howard","MALE","2019-10-23","Grade 5","ACTIVE"
"623","STU202500623","Sharon Alvarez","FEMALE","2019-10-22","Grade 5","ACTIVE"
"624","STU202500624","Eric Rodriguez","MALE","2019-10-21","Grade 5","ACTIVE"
"625","STU202500625","Nicole Sanchez","FEMALE","2019-10-20","Grade 5","ACTIVE"
"626","STU202500626","Frank Nelson","MALE","2019-10-19","Grade 5","ACTIVE"
"627","STU202500627","Heather Reyes","FEMALE","2019-10-18","Grade 5","ACTIVE"
"628","STU202500628","David Kim","MALE","2019-10-17","Grade 5","ACTIVE"
"629","STU202500629","Karen Sanders","FEMALE","2019-10-16","Grade 5","ACTIVE"
"630","STU202500630","Donald Hernandez","MALE","2019-10-15","Grade 5","ACTIVE"
"631","STU202500631","Amanda Ramirez","FEMALE","2019-10-14","Grade 5","ACTIVE"
"632","STU202500632","Jason Hall","MALE","2019-10-13","Grade 5","ACTIVE"
"633","STU202500633","Angela Morris","FEMALE","2019-10-12","Grade 5","ACTIVE"
"634","STU202500634","Scott Ward","MALE","2019-10-11","Grade 5","ACTIVE"
"635","STU202500635","Debra Myers","FEMALE","2019-10-10","Grade 5","ACTIVE"
"636","STU202500636","Jerry Gonzalez","MALE","2019-10-09","Grade 5","ACTIVE"
"637","STU202500637","Linda Robinson","FEMALE","2019-10-08","Grade 5","ACTIVE"
"638","STU202500638","Christopher Campbell","MALE","2019-10-07","Grade 5","ACTIVE"
"639","STU202500639","Sandra Murphy","FEMALE","2019-10-06","Grade 5","ACTIVE"
"640","STU202500640","Kevin Watson","MALE","2019-10-05","Grade 5","ACTIVE"
"641","STU202500641","Rebecca Ross","FEMALE","2019-10-04","Grade 5","ACTIVE"
"642","STU202500642","Nicholas Anderson","MALE","2019-10-03","Grade 5","ACTIVE"
"643","STU202500643","Emma Young","FEMALE","2019-10-02","Grade 5","ACTIVE"
"644","STU202500644","Gregory Carter","MALE","2019-10-01","Grade 5","ACTIVE"
"645","STU202500645","Maria Rogers","FEMALE","2019-09-30","Grade 5","ACTIVE"
"646","STU202500646","Michael Chavez","MALE","2019-09-29","Grade 5","ACTIVE"
"647","STU202500647","Sarah Jimenez","FEMALE","2019-09-28","Grade 5","ACTIVE"
"648","STU202500648","Mark Taylor","MALE","2019-09-27","Grade 5","ACTIVE"
"649","STU202500649","Michelle King","FEMALE","2019-09-26","Grade 5","ACTIVE"
"650","STU202500650","Edward Gomez","MALE","2019-09-25","Grade 5","ACTIVE"
"651","STU202500651","Amy Ortiz","FEMALE","2019-09-24","Grade 5","ACTIVE"
"652","STU202500652","Justin James","MALE","2019-09-23","Grade 5","ACTIVE"
"653","STU202500653","Christine Johnson","FEMALE","2019-09-22","Grade 5","ACTIVE"
"654","STU202500654","Dennis Jackson","MALE","2019-09-21","Grade 5","ACTIVE"
"655","STU202500655","Jennifer Scott","FEMALE","2019-09-20","Grade 5","ACTIVE"
"656","STU202500656","Thomas Evans","MALE","2019-09-19","Grade 5","ACTIVE"
"657","STU202500657","Margaret Cooper","FEMALE","2019-09-18","Grade 5","ACTIVE"
"658","STU202500658","Joshua Gray","MALE","2019-09-17","Grade 5","ACTIVE"
"659","STU202500659","Stephanie Brown","FEMALE","2019-09-16","Grade 5","ACTIVE"
"660","STU202500660","Gary Lee","MALE","2019-09-15","Grade 5","ACTIVE"
"661","STU202500661","Pamela Nguyen","FEMALE","2019-09-14","Grade 5","ACTIVE"
"662","STU202500662","Raymond Diaz","MALE","2019-09-13","Grade 5","ACTIVE"
"663","STU202500663","Catherine Bailey","FEMALE","2019-09-12","Grade 5","ACTIVE"
"664","STU202500664","Robert Ruiz","MALE","2019-09-11","Grade 5","ACTIVE"
"665","STU202500665","Jessica Garcia","FEMALE","2019-09-10","Grade 5","ACTIVE"
"666","STU202500666","Anthony Thompson","MALE","2019-09-09","Grade 5","ACTIVE"
"667","STU202500667","Donna Flores","FEMALE","2019-09-08","Grade 5","ACTIVE"
"668","STU202500668","Ronald Cruz","MALE","2019-09-07","Grade 5","ACTIVE"
"669","STU202500669","Kathleen Kelly","FEMALE","2019-09-06","Grade 5","ACTIVE"
"670","STU202500670","Larry Price","MALE","2019-09-05","Grade 5","ACTIVE"
"671","STU202500671","Katherine Davis","FEMALE","2018-09-04","Grade 6","ACTIVE"
"672","STU202500672","Jack Harris","MALE","2018-09-03","Grade 6","ACTIVE"
"673","STU202500673","Patricia Adams","FEMALE","2018-09-02","Grade 6","ACTIVE"
"674","STU202500674","Joseph Collins","MALE","2018-09-01","Grade 6","ACTIVE"
"675","STU202500675","Betty Ramos","FEMALE","2018-08-31","Grade 6","ACTIVE"
"676","STU202500676","Andrew Castillo","MALE","2018-08-30","Grade 6","ACTIVE"
"677","STU202500677","Deborah Martinez","FEMALE","2018-08-29","Grade 6","ACTIVE"
"678","STU202500678","Jacob Clark","MALE","2018-08-28","Grade 6","ACTIVE"
"679","STU202500679","Brenda Baker","FEMALE","2018-08-27","Grade 6","ACTIVE"
"680","STU202500680","Samuel Stewart","MALE","2018-08-26","Grade 6","ACTIVE"
"681","STU202500681","Janet Cox","FEMALE","2018-08-25","Grade 6","ACTIVE"
"682","STU202500682","John Patel","MALE","2018-08-24","Grade 6","ACTIVE"
"683","STU202500683","Susan Lopez","FEMALE","2018-08-23","Grade 6","ACTIVE"
"684","STU202500684","Matthew Lewis","MALE","2018-08-22","Grade 6","ACTIVE"
"685","STU202500685","Emily Rivera","FEMALE","2018-08-21","Grade 6","ACTIVE"
"686","STU202500686","Timothy Morales","MALE","2018-08-20","Grade 6","ACTIVE"
"687","STU202500687","Cynthia Richardson","FEMALE","2018-08-19","Grade 6","ACTIVE"
"688","STU202500688","Stephen Long","MALE","2018-08-18","Grade 6","ACTIVE"
"689","STU202500689","Samantha Wilson","FEMALE","2018-08-17","Grade 6","ACTIVE"
"690","STU202500690","Patrick Walker","MALE","2018-08-16","Grade 6","ACTIVE"
"691","STU202500691","Mary Mitchell","FEMALE","2018-08-15","Grade 6","ACTIVE"
"692","STU202500692","Richard Cook","MALE","2018-08-14","Grade 6","ACTIVE"
"693","STU202500693","Nancy Brooks","FEMALE","2018-08-13","Grade 6","ACTIVE"
"694","STU202500694","Paul Foster","MALE","2018-08-12","Grade 6","ACTIVE"
"695","STU202500695","Melissa Thomas","FEMALE","2018-08-11","Grade 6","ACTIVE"
"696","STU202500696","Ryan Allen","MALE","2018-08-10","Grade 6","ACTIVE"
"697","STU202500697","Anna Roberts","FEMALE","2018-08-09","Grade 6","ACTIVE"
"698","STU202500698","Benjamin Gutierrez","MALE","2018-08-08","Grade 6","ACTIVE"
"699","STU202500699","Carolyn Wood","FEMALE","2018-08-07","Grade 6","ACTIVE"
"700","STU202500700","James Smith","MALE","2018-08-06","Grade 6","ACTIVE"
"701","STU202500701","Barbara Moore","FEMALE","2018-08-05","Grade 6","ACTIVE"
"702","STU202500702","Daniel Wright","MALE","2018-08-04","Grade 6","ACTIVE"
"703","STU202500703","Kimberly Phillips","FEMALE","2018-08-03","Grade 6","ACTIVE"
"704","STU202500704","George Morgan","MALE","2018-08-02","Grade 6","ACTIVE"
"705","STU202500705","Laura Bennett","FEMALE","2018-08-01","Grade 6","ACTIVE"
"706","STU202500706","Jonathan Williams","MALE","2018-07-31","Grade 6","ACTIVE"
"707","STU202500707","Helen Martin","FEMALE","2018-07-30","Grade 6","ACTIVE"
"708","STU202500708","Alexander Torres","MALE","2018-07-29","Grade 6","ACTIVE"
"709","STU202500709","Diane Turner","FEMALE","2018-07-28","Grade 6","ACTIVE"
"710","STU202500710","William Peterson","MALE","2018-07-27","Grade 6","ACTIVE"
"711","STU202500711","Lisa Mendoza","FEMALE","2018-07-26","Grade 6","ACTIVE"
"712","STU202500712","Steven Jones","MALE","2018-07-25","Grade 6","ACTIVE"
"713","STU202500713","Dorothy Perez","FEMALE","2018-07-24","Grade 6","ACTIVE"
"714","STU202500714","Jeffrey Hill","MALE","2018-07-23","Grade 6","ACTIVE"
"715","STU202500715","Shirley Parker","FEMALE","2018-07-22","Grade 6","ACTIVE"
"716","STU202500716","Brandon Reed","MALE","2018-07-21","Grade 6","ACTIVE"
"717","STU202500717","Rachel Hughes","FEMALE","2018-07-20","Grade 6","ACTIVE"
"718","STU202500718","Tyler Miller","MALE","2018-07-19","Grade 6","ACTIVE"
"719","STU202500719","Elizabeth White","FEMALE","2018-07-18","Grade 6","ACTIVE"
"720","STU202500720","Charles Green","MALE","2018-07-17","Grade 6","ACTIVE"
"721","STU202500721","Ashley Edwards","FEMALE","2018-07-16","Grade 6","ACTIVE"
"722","STU202500722","Brian Howard","MALE","2018-07-15","Grade 6","ACTIVE"
"723","STU202500723","Sharon Alvarez","FEMALE","2018-07-14","Grade 6","ACTIVE"
"724","STU202500724","Eric Rodriguez","MALE","2018-07-13","Grade 6","ACTIVE"
"725","STU202500725","Nicole Sanchez","FEMALE","2018-07-12","Grade 6","ACTIVE"
"726","STU202500726","Frank Nelson","MALE","2018-07-11","Grade 6","ACTIVE"
"727","STU202500727","Heather Reyes","FEMALE","2018-07-10","Grade 6","ACTIVE"
"728","STU202500728","David Kim","MALE","2018-07-09","Grade 6","ACTIVE"
"729","STU202500729","Karen Sanders","FEMALE","2018-07-08","Grade 6","ACTIVE"
"730","STU202500730","Donald Hernandez","MALE","2019-07-07","Grade 6","ACTIVE"
"731","STU202500731","Amanda Ramirez","FEMALE","2019-07-06","Grade 6","ACTIVE"
"732","STU202500732","Jason Hall","MALE","2019-07-05","Grade 6","ACTIVE"
"733","STU202500733","Angela Morris","FEMALE","2019-07-04","Grade 6","ACTIVE"
"734","STU202500734","Scott Ward","MALE","2019-07-03","Grade 6","ACTIVE"
"735","STU202500735","Debra Myers","FEMALE","2019-07-02","Grade 6","ACTIVE"
"736","STU202500736","Jerry Gonzalez","MALE","2019-07-01","Grade 6","ACTIVE"
"737","STU202500737","Linda Robinson","FEMALE","2019-06-30","Grade 6","ACTIVE"
"738","STU202500738","Christopher Campbell","MALE","2019-06-29","Grade 6","ACTIVE"
"739","STU202500739","Sandra Murphy","FEMALE","2019-06-28","Grade 6","ACTIVE"
"740","STU202500740","Kevin Watson","MALE","2019-06-27","Grade 6","ACTIVE"
"741","STU202500741","Rebecca Ross","FEMALE","2019-06-26","Grade 6","ACTIVE"
"742","STU202500742","Nicholas Anderson","MALE","2019-06-25","Grade 6","ACTIVE"
"743","STU202500743","Emma Young","FEMALE","2019-06-24","Grade 6","ACTIVE"
"744","STU202500744","Gregory Carter","MALE","2019-06-23","Grade 6","ACTIVE"
"745","STU202500745","Maria Rogers","FEMALE","2019-06-22","Grade 6","ACTIVE"
"746","STU202500746","Michael Chavez","MALE","2019-06-21","Grade 6","ACTIVE"
"747","STU202500747","Sarah Jimenez","FEMALE","2019-06-20","Grade 6","ACTIVE"
"748","STU202500748","Mark Taylor","MALE","2019-06-19","Grade 6","ACTIVE"
"749","STU202500749","Michelle King","FEMALE","2019-06-18","Grade 6","ACTIVE"
"750","STU202500750","Edward Gomez","MALE","2019-06-17","Grade 6","ACTIVE"
"751","STU202500751","Amy Ortiz","FEMALE","2019-06-16","Grade 6","ACTIVE"
"752","STU202500752","Justin James","MALE","2019-06-15","Grade 6","ACTIVE"
"753","STU202500753","Christine Johnson","FEMALE","2019-06-14","Grade 6","ACTIVE"
"754","STU202500754","Dennis Jackson","MALE","2019-06-13","Grade 6","ACTIVE"
"755","STU202500755","Jennifer Scott","FEMALE","2019-06-12","Grade 6","ACTIVE"
"756","STU202500756","Thomas Evans","MALE","2019-06-11","Grade 6","ACTIVE"
"757","STU202500757","Margaret Cooper","FEMALE","2019-06-10","Grade 6","ACTIVE"
"758","STU202500758","Joshua Gray","MALE","2019-06-09","Grade 6","ACTIVE"
"759","STU202500759","Stephanie Brown","FEMALE","2019-06-08","Grade 6","ACTIVE"
"760","STU202500760","Gary Lee","MALE","2019-06-07","Grade 6","ACTIVE"
"761","STU202500761","Pamela Nguyen","FEMALE","2019-06-06","Grade 6","ACTIVE"
"762","STU202500762","Raymond Diaz","MALE","2019-06-05","Grade 6","ACTIVE"
"763","STU202500763","Catherine Bailey","FEMALE","2019-06-04","Grade 6","ACTIVE"
"764","STU202500764","Robert Ruiz","MALE","2019-06-03","Grade 6","ACTIVE"
"765","STU202500765","Jessica Garcia","FEMALE","2019-06-02","Grade 6","ACTIVE"
"766","STU202500766","Anthony Thompson","MALE","2019-06-01","Grade 6","ACTIVE"
"767","STU202500767","Donna Flores","FEMALE","2019-05-31","Grade 6","ACTIVE"
"768","STU202500768","Ronald Cruz","MALE","2019-05-30","Grade 6","ACTIVE"
"769","STU202500769","Kathleen Kelly","FEMALE","2019-05-29","Grade 6","ACTIVE"
"770","STU202500770","Larry Price","MALE","2019-05-28","Grade 6","ACTIVE"
"771","STU202500771","Katherine Davis","FEMALE","2019-05-27","Grade 6","ACTIVE"
"772","STU202500772","Jack Harris","MALE","2019-05-26","Grade 6","ACTIVE"
"773","STU202500773","Patricia Adams","FEMALE","2019-05-25","Grade 6","ACTIVE"
"774","STU202500774","Joseph Collins","MALE","2019-05-24","Grade 6","ACTIVE"
"775","STU202500775","Betty Ramos","FEMALE","2019-05-23","Grade 6","ACTIVE"
"776","STU202500776","Andrew Castillo","MALE","2019-05-22","Grade 6","ACTIVE"
"777","STU202500777","Deborah Martinez","FEMALE","2019-05-21","Grade 6","ACTIVE"
"778","STU202500778","Jacob Clark","MALE","2019-05-20","Grade 6","ACTIVE"
"779","STU202500779","Brenda Baker","FEMALE","2019-05-19","Grade 6","ACTIVE"
"780","STU202500780","Samuel Stewart","MALE","2019-05-18","Grade 6","ACTIVE"
"781","STU202500781","Janet Cox","FEMALE","2019-05-17","Grade 6","ACTIVE"
"782","STU202500782","John Patel","MALE","2019-05-16","Grade 6","ACTIVE"
"783","STU202500783","Susan Lopez","FEMALE","2019-05-15","Grade 6","ACTIVE"
"784","STU202500784","Matthew Lewis","MALE","2019-05-14","Grade 6","ACTIVE"
"785","STU202500785","Emily Rivera","FEMALE","2019-05-13","Grade 6","ACTIVE"
"786","STU202500786","Timothy Morales","MALE","2019-05-12","Grade 6","ACTIVE"
"787","STU202500787","Cynthia Richardson","FEMALE","2019-05-11","Grade 6","ACTIVE"
"788","STU202500788","Stephen Long","MALE","2019-05-10","Grade 6","ACTIVE"
"789","STU202500789","Samantha Wilson","FEMALE","2019-05-09","Grade 6","ACTIVE"
"790","STU202500790","Patrick Walker","MALE","2019-05-08","Grade 6","ACTIVE"
"791","STU202500791","Mary Mitchell","FEMALE","2019-05-07","Grade 6","ACTIVE"
"792","STU202500792","Richard Cook","MALE","2019-05-06","Grade 6","ACTIVE"
"793","STU202500793","Nancy Brooks","FEMALE","2019-05-05","Grade 6","ACTIVE"
"794","STU202500794","Paul Foster","MALE","2019-05-04","Grade 6","ACTIVE"
"795","STU202500795","Melissa Thomas","FEMALE","2019-05-03","Grade 6","ACTIVE"
"796","STU202500796","Ryan Allen","MALE","2019-05-02","Grade 6","ACTIVE"
"797","STU202500797","Anna Roberts","FEMALE","2019-05-01","Grade 6","ACTIVE"
"798","STU202500798","Benjamin Gutierrez","MALE","2019-04-30","Grade 6","ACTIVE"
"799","STU202500799","Carolyn Wood","FEMALE","2019-04-29","Grade 6","ACTIVE"
"800","STU202500800","James Smith","MALE","2019-04-28","Grade 6","ACTIVE"
"801","STU202500801","Barbara Moore","FEMALE","2019-04-27","Grade 6","ACTIVE"
"802","STU202500802","Daniel Wright","MALE","2019-04-26","Grade 6","ACTIVE"
"803","STU202500803","Kimberly Phillips","FEMALE","2019-04-25","Grade 6","ACTIVE"
"804","STU202500804","George Morgan","MALE","2019-04-24","Grade 6","ACTIVE"
"805","STU202500805","Laura Bennett","FEMALE","2019-04-23","Grade 6","ACTIVE"
"806","STU202500806","Jonathan Williams","MALE","2019-04-22","Grade 6","ACTIVE"
"807","STU202500807","Helen Martin","FEMALE","2019-04-21","Grade 6","ACTIVE"
"808","STU202500808","Alexander Torres","MALE","2019-04-20","Grade 6","ACTIVE"
"809","STU202500809","Diane Turner","FEMALE","2019-04-19","Grade 6","ACTIVE"
"810","STU202500810","William Peterson","MALE","2019-04-18","Grade 6","ACTIVE"
"811","STU202500811","Lisa Mendoza","FEMALE","2019-04-17","Grade 6","ACTIVE"
"812","STU202500812","Steven Jones","MALE","2019-04-16","Grade 6","ACTIVE"
"813","STU202500813","Dorothy Perez","FEMALE","2019-04-15","Grade 6","ACTIVE"
"814","STU202500814","Jeffrey Hill","MALE","2019-04-14","Grade 6","ACTIVE"
"815","STU202500815","Shirley Parker","FEMALE","2019-04-13","Grade 6","ACTIVE"
"816","STU202500816","Brandon Reed","MALE","2019-04-12","Grade 6","ACTIVE"
"817","STU202500817","Rachel Hughes","FEMALE","2019-04-11","Grade 6","ACTIVE"
"818","STU202500818","Tyler Miller","MALE","2019-04-10","Grade 6","ACTIVE"
"819","STU202500819","Elizabeth White","FEMALE","2019-04-09","Grade 6","ACTIVE"
"820","STU202500820","Charles Green","MALE","2019-04-08","Grade 6","ACTIVE"
"821","STU202500821","Ashley Edwards","FEMALE","2019-04-07","Grade 6","ACTIVE"
"822","STU202500822","Brian Howard","MALE","2019-04-06","Grade 6","ACTIVE"
"823","STU202500823","Sharon Alvarez","FEMALE","2019-04-05","Grade 6","ACTIVE"
"824","STU202500824","Eric Rodriguez","MALE","2019-04-04","Grade 6","ACTIVE"
"825","STU202500825","Nicole Sanchez","FEMALE","2019-04-03","Grade 6","ACTIVE"
"826","STU202500826","Frank Nelson","MALE","2019-04-02","Grade 6","ACTIVE"
"827","STU202500827","Heather Reyes","FEMALE","2019-04-01","Grade 6","ACTIVE"
"828","STU202500828","David Kim","MALE","2019-03-31","Grade 6","ACTIVE"
"829","STU202500829","Karen Sanders","FEMALE","2019-03-30","Grade 6","ACTIVE"
"830","STU202500830","Donald Hernandez","MALE","2019-03-29","Grade 6","ACTIVE"
"831","STU202500831","Amanda Ramirez","FEMALE","2019-03-28","Grade 6","ACTIVE"
"832","STU202500832","Jason Hall","MALE","2019-03-27","Grade 6","ACTIVE"
"833","STU202500833","Angela Morris","FEMALE","2019-03-26","Grade 6","ACTIVE"
"834","STU202500834","Scott Ward","MALE","2019-03-25","Grade 6","ACTIVE"
"835","STU202500835","Debra Myers","FEMALE","2019-03-24","Grade 6","ACTIVE"
"836","STU202500836","Jerry Gonzalez","MALE","2019-03-23","Grade 6","ACTIVE"
"837","STU202500837","Linda Robinson","FEMALE","2019-03-22","Grade 6","ACTIVE"
"838","STU202500838","Christopher Campbell","MALE","2019-03-21","Grade 6","ACTIVE"
"839","STU202500839","Sandra Murphy","FEMALE","2019-03-20","Grade 6","ACTIVE"
"840","STU202500840","Kevin Watson","MALE","2019-03-19","Grade 6","ACTIVE"
"841","STU202500841","Rebecca Ross","FEMALE","2019-03-18","Grade 6","ACTIVE"
"842","STU202500842","Nicholas Anderson","MALE","2019-03-17","Grade 6","ACTIVE"
"843","STU202500843","Emma Young","FEMALE","2019-03-16","Grade 6","ACTIVE"
"844","STU202500844","Gregory Carter","MALE","2019-03-15","Grade 6","ACTIVE"
"845","STU202500845","Maria Rogers","FEMALE","2019-03-14","Grade 6","ACTIVE"
"846","STU202500846","Michael Chavez","MALE","2019-03-13","Grade 6","ACTIVE"
"847","STU202500847","Sarah Jimenez","FEMALE","2019-03-12","Grade 6","ACTIVE"
"848","STU202500848","Mark Taylor","MALE","2019-03-11","Grade 6","ACTIVE"
"849","STU202500849","Michelle King","FEMALE","2019-03-10","Grade 6","ACTIVE"
"850","STU202500850","Edward Gomez","MALE","2019-03-09","Grade 6","ACTIVE"
"851","STU202500851","Amy Ortiz","FEMALE","2019-03-08","Grade 6","ACTIVE"
"852","STU202500852","Justin James","MALE","2019-03-07","Grade 6","ACTIVE"
"853","STU202500853","Christine Johnson","FEMALE","2019-03-06","Grade 6","ACTIVE"
"854","STU202500854","Dennis Jackson","MALE","2019-03-05","Grade 6","ACTIVE"
"855","STU202500855","Jennifer Scott","FEMALE","2019-03-04","Grade 6","ACTIVE"
"856","STU202500856","Thomas Evans","MALE","2019-03-03","Grade 6","ACTIVE"
"857","STU202500857","Margaret Cooper","FEMALE","2019-03-02","Grade 6","ACTIVE"
"858","STU202500858","Joshua Gray","MALE","2019-03-01","Grade 6","ACTIVE"
"859","STU202500859","Stephanie Brown","FEMALE","2019-02-28","Grade 6","ACTIVE"
"860","STU202500860","Gary Lee","MALE","2019-02-27","Grade 6","ACTIVE"
"861","STU202500861","Pamela Nguyen","FEMALE","2019-02-26","Grade 6","ACTIVE"
"862","STU202500862","Raymond Diaz","MALE","2019-02-25","Grade 6","ACTIVE"
"863","STU202500863","Catherine Bailey","FEMALE","2019-02-24","Grade 6","ACTIVE"
"864","STU202500864","Robert Ruiz","MALE","2019-02-23","Grade 6","ACTIVE"
"865","STU202500865","Jessica Garcia","FEMALE","2019-02-22","Grade 6","ACTIVE"
"866","STU202500866","Anthony Thompson","MALE","2019-02-21","Grade 6","ACTIVE"
"867","STU202500867","Donna Flores","FEMALE","2019-02-20","Grade 6","ACTIVE"
"868","STU202500868","Ronald Cruz","MALE","2019-02-19","Grade 6","ACTIVE"
"869","STU202500869","Kathleen Kelly","FEMALE","2019-02-18","Grade 6","ACTIVE"
"870","STU202500870","Larry Price","MALE","2019-02-17","Grade 6","ACTIVE"
"871","STU202500871","Katherine Davis","FEMALE","2019-02-16","Grade 6","ACTIVE"
"872","STU202500872","Jack Harris","MALE","2018-02-15","Grade 7","ACTIVE"
"873","STU202500873","Patricia Adams","FEMALE","2018-02-14","Grade 7","ACTIVE"
"874","STU202500874","Joseph Collins","MALE","2018-02-13","Grade 7","ACTIVE"
"875","STU202500875","Betty Ramos","FEMALE","2018-02-12","Grade 7","ACTIVE"
"876","STU202500876","Andrew Castillo","MALE","2018-02-11","Grade 7","ACTIVE"
"877","STU202500877","Deborah Martinez","FEMALE","2018-02-10","Grade 7","ACTIVE"
"878","STU202500878","Jacob Clark","MALE","2018-02-09","Grade 7","ACTIVE"
"879","STU202500879","Brenda Baker","FEMALE","2018-02-08","Grade 7","ACTIVE"
"880","STU202500880","Samuel Stewart","MALE","2018-02-07","Grade 7","ACTIVE"
"881","STU202500881","Janet Cox","FEMALE","2018-02-06","Grade 7","ACTIVE"
"882","STU202500882","John Patel","MALE","2018-02-05","Grade 7","ACTIVE"
"883","STU202500883","Susan Lopez","FEMALE","2018-02-04","Grade 7","ACTIVE"
"884","STU202500884","Matthew Lewis","MALE","2018-02-03","Grade 7","ACTIVE"
"885","STU202500885","Emily Rivera","FEMALE","2018-02-02","Grade 7","ACTIVE"
"886","STU202500886","Timothy Morales","MALE","2018-02-01","Grade 7","ACTIVE"
"887","STU202500887","Cynthia Richardson","FEMALE","2018-01-31","Grade 7","ACTIVE"
"888","STU202500888","Stephen Long","MALE","2018-01-30","Grade 7","ACTIVE"
"889","STU202500889","Samantha Wilson","FEMALE","2018-01-29","Grade 7","ACTIVE"
"890","STU202500890","Patrick Walker","MALE","2018-01-28","Grade 7","ACTIVE"
"891","STU202500891","Mary Mitchell","FEMALE","2018-01-27","Grade 7","ACTIVE"
"892","STU202500892","Richard Cook","MALE","2018-01-26","Grade 7","ACTIVE"
"893","STU202500893","Nancy Brooks","FEMALE","2018-01-25","Grade 7","ACTIVE"
"894","STU202500894","Paul Foster","MALE","2018-01-24","Grade 7","ACTIVE"
"895","STU202500895","Melissa Thomas","FEMALE","2018-01-23","Grade 7","ACTIVE"
"896","STU202500896","Ryan Allen","MALE","2018-01-22","Grade 7","ACTIVE"
"897","STU202500897","Anna Roberts","FEMALE","2018-01-21","Grade 7","ACTIVE"
"898","STU202500898","Benjamin Gutierrez","MALE","2018-01-20","Grade 7","ACTIVE"
"899","STU202500899","Carolyn Wood","FEMALE","2018-01-19","Grade 7","ACTIVE"
"900","STU202500900","James Smith","MALE","2018-01-18","Grade 7","ACTIVE"
"901","STU202500901","Barbara Moore","FEMALE","2018-01-17","Grade 7","ACTIVE"
"902","STU202500902","Daniel Wright","MALE","2018-01-16","Grade 7","ACTIVE"
"903","STU202500903","Kimberly Phillips","FEMALE","2018-01-15","Grade 7","ACTIVE"
"904","STU202500904","George Morgan","MALE","2018-01-14","Grade 7","ACTIVE"
"905","STU202500905","Laura Bennett","FEMALE","2018-01-13","Grade 7","ACTIVE"
"906","STU202500906","Jonathan Williams","MALE","2018-01-12","Grade 7","ACTIVE"
"907","STU202500907","Helen Martin","FEMALE","2018-01-11","Grade 7","ACTIVE"
"908","STU202500908","Alexander Torres","MALE","2018-01-10","Grade 7","ACTIVE"
"909","STU202500909","Diane Turner","FEMALE","2018-01-09","Grade 7","ACTIVE"
"910","STU202500910","William Peterson","MALE","2018-01-08","Grade 7","ACTIVE"
"911","STU202500911","Lisa Mendoza","FEMALE","2018-01-07","Grade 7","ACTIVE"
"912","STU202500912","Steven Jones","MALE","2018-01-06","Grade 7","ACTIVE"
"913","STU202500913","Dorothy Perez","FEMALE","2018-01-05","Grade 7","ACTIVE"
"914","STU202500914","Jeffrey Hill","MALE","2018-01-04","Grade 7","ACTIVE"
"915","STU202500915","Shirley Parker","FEMALE","2018-01-03","Grade 7","ACTIVE"
"916","STU202500916","Brandon Reed","MALE","2018-01-02","Grade 7","ACTIVE"
"917","STU202500917","Rachel Hughes","FEMALE","2018-01-01","Grade 7","ACTIVE"
"918","STU202500918","Tyler Miller","MALE","2017-12-31","Grade 7","ACTIVE"
"919","STU202500919","Elizabeth White","FEMALE","2017-12-30","Grade 7","ACTIVE"
"920","STU202500920","Charles Green","MALE","2017-12-29","Grade 7","ACTIVE"
"921","STU202500921","Ashley Edwards","FEMALE","2017-12-28","Grade 7","ACTIVE"
"922","STU202500922","Brian Howard","MALE","2017-12-27","Grade 7","ACTIVE"
"923","STU202500923","Sharon Alvarez","FEMALE","2017-12-26","Grade 7","ACTIVE"
"924","STU202500924","Eric Rodriguez","MALE","2017-12-25","Grade 7","ACTIVE"
"925","STU202500925","Nicole Sanchez","FEMALE","2017-12-24","Grade 7","ACTIVE"
"926","STU202500926","Frank Nelson","MALE","2017-12-23","Grade 7","ACTIVE"
"927","STU202500927","Heather Reyes","FEMALE","2017-12-22","Grade 7","ACTIVE"
"928","STU202500928","David Kim","MALE","2017-12-21","Grade 7","ACTIVE"
"929","STU202500929","Karen Sanders","FEMALE","2017-12-20","Grade 7","ACTIVE"
"930","STU202500930","Donald Hernandez","MALE","2017-12-19","Grade 7","ACTIVE"
"931","STU202500931","Amanda Ramirez","FEMALE","2017-12-18","Grade 7","ACTIVE"
"932","STU202500932","Jason Hall","MALE","2017-12-17","Grade 7","ACTIVE"
"933","STU202500933","Angela Morris","FEMALE","2017-12-16","Grade 7","ACTIVE"
"934","STU202500934","Scott Ward","MALE","2017-12-15","Grade 7","ACTIVE"
"935","STU202500935","Debra Myers","FEMALE","2017-12-14","Grade 7","ACTIVE"
"936","STU202500936","Jerry Gonzalez","MALE","2017-12-13","Grade 7","ACTIVE"
"937","STU202500937","Linda Robinson","FEMALE","2017-12-12","Grade 7","ACTIVE"
"938","STU202500938","Christopher Campbell","MALE","2017-12-11","Grade 7","ACTIVE"
"939","STU202500939","Sandra Murphy","FEMALE","2017-12-10","Grade 7","ACTIVE"
"940","STU202500940","Kevin Watson","MALE","2017-12-09","Grade 7","ACTIVE"
"941","STU202500941","Rebecca Ross","FEMALE","2017-12-08","Grade 7","ACTIVE"
"942","STU202500942","Nicholas Anderson","MALE","2017-12-07","Grade 7","ACTIVE"
"943","STU202500943","Emma Young","FEMALE","2017-12-06","Grade 7","ACTIVE"
"944","STU202500944","Gregory Carter","MALE","2017-12-05","Grade 7","ACTIVE"
"945","STU202500945","Maria Rogers","FEMALE","2017-12-04","Grade 7","ACTIVE"
"946","STU202500946","Michael Chavez","MALE","2017-12-03","Grade 7","ACTIVE"
"947","STU202500947","Sarah Jimenez","FEMALE","2017-12-02","Grade 7","ACTIVE"
"948","STU202500948","Mark Taylor","MALE","2017-12-01","Grade 7","ACTIVE"
"949","STU202500949","Michelle King","FEMALE","2017-11-30","Grade 7","ACTIVE"
"950","STU202500950","Edward Gomez","MALE","2017-11-29","Grade 7","ACTIVE"
"951","STU202500951","Amy Ortiz","FEMALE","2017-11-28","Grade 7","ACTIVE"
"952","STU202500952","Justin James","MALE","2017-11-27","Grade 7","ACTIVE"
"953","STU202500953","Christine Johnson","FEMALE","2017-11-26","Grade 7","ACTIVE"
"954","STU202500954","Dennis Jackson","MALE","2017-11-25","Grade 7","ACTIVE"
"955","STU202500955","Jennifer Scott","FEMALE","2017-11-24","Grade 7","ACTIVE"
"956","STU202500956","Thomas Evans","MALE","2017-11-23","Grade 7","ACTIVE"
"957","STU202500957","Margaret Cooper","FEMALE","2017-11-22","Grade 7","ACTIVE"
"958","STU202500958","Joshua Gray","MALE","2017-11-21","Grade 7","ACTIVE"
"959","STU202500959","Stephanie Brown","FEMALE","2017-11-20","Grade 7","ACTIVE"
"960","STU202500960","Gary Lee","MALE","2017-11-19","Grade 7","ACTIVE"
"961","STU202500961","Pamela Nguyen","FEMALE","2017-11-18","Grade 7","ACTIVE"
"962","STU202500962","Raymond Diaz","MALE","2017-11-17","Grade 7","ACTIVE"
"963","STU202500963","Catherine Bailey","FEMALE","2017-11-16","Grade 7","ACTIVE"
"964","STU202500964","Robert Ruiz","MALE","2017-11-15","Grade 7","ACTIVE"
"965","STU202500965","Jessica Garcia","FEMALE","2017-11-14","Grade 7","ACTIVE"
"966","STU202500966","Anthony Thompson","MALE","2017-11-13","Grade 7","ACTIVE"
"967","STU202500967","Donna Flores","FEMALE","2017-11-12","Grade 7","ACTIVE"
"968","STU202500968","Ronald Cruz","MALE","2017-11-11","Grade 7","ACTIVE"
"969","STU202500969","Kathleen Kelly","FEMALE","2017-11-10","Grade 7","ACTIVE"
"970","STU202500970","Larry Price","MALE","2017-11-09","Grade 7","ACTIVE"
"971","STU202500971","Katherine Davis","FEMALE","2017-11-08","Grade 7","ACTIVE"
"972","STU202500972","Jack Harris","MALE","2017-11-07","Grade 7","ACTIVE"
"973","STU202500973","Patricia Adams","FEMALE","2017-11-06","Grade 7","ACTIVE"
"974","STU202500974","Joseph Collins","MALE","2017-11-05","Grade 7","ACTIVE"
"975","STU202500975","Betty Ramos","FEMALE","2017-11-04","Grade 7","ACTIVE"
"976","STU202500976","Andrew Castillo","MALE","2017-11-03","Grade 7","ACTIVE"
"977","STU202500977","Deborah Martinez","FEMALE","2017-11-02","Grade 7","ACTIVE"
"978","STU202500978","Jacob Clark","MALE","2017-11-01","Grade 7","ACTIVE"
"979","STU202500979","Brenda Baker","FEMALE","2017-10-31","Grade 7","ACTIVE"
"980","STU202500980","Samuel Stewart","MALE","2017-10-30","Grade 7","ACTIVE"
"981","STU202500981","Janet Cox","FEMALE","2017-10-29","Grade 7","ACTIVE"
"982","STU202500982","John Patel","MALE","2017-10-28","Grade 7","ACTIVE"
"983","STU202500983","Susan Lopez","FEMALE","2017-10-27","Grade 7","ACTIVE"
"984","STU202500984","Matthew Lewis","MALE","2017-10-26","Grade 7","ACTIVE"
"985","STU202500985","Emily Rivera","FEMALE","2017-10-25","Grade 7","ACTIVE"
"986","STU202500986","Timothy Morales","MALE","2017-10-24","Grade 7","ACTIVE"
"987","STU202500987","Cynthia Richardson","FEMALE","2017-10-23","Grade 7","ACTIVE"
"988","STU202500988","Stephen Long","MALE","2017-10-22","Grade 7","ACTIVE"
"989","STU202500989","Samantha Wilson","FEMALE","2017-10-21","Grade 7","ACTIVE"
"990","STU202500990","Patrick Walker","MALE","2017-10-20","Grade 7","ACTIVE"
"991","STU202500991","Mary Mitchell","FEMALE","2017-10-19","Grade 7","ACTIVE"
"992","STU202500992","Richard Cook","MALE","2017-10-18","Grade 7","ACTIVE"
"993","STU202500993","Nancy Brooks","FEMALE","2017-10-17","Grade 7","ACTIVE"
"994","STU202500994","Paul Foster","MALE","2017-10-16","Grade 7","ACTIVE"
"995","STU202500995","Melissa Thomas","FEMALE","2017-10-15","Grade 7","ACTIVE"
"996","STU202500996","Ryan Allen","MALE","2017-10-14","Grade 7","ACTIVE"
"997","STU202500997","Anna Roberts","FEMALE","2017-10-13","Grade 7","ACTIVE"
"998","STU202500998","Benjamin Gutierrez","MALE","2017-10-12","Grade 7","ACTIVE"
"999","STU202500999","Carolyn Wood","FEMALE","2017-10-11","Grade 7","ACTIVE"
"1000","STU202501000","James Smith","MALE","2017-10-10","Grade 7","ACTIVE"
"1001","STU202501001","Barbara Moore","FEMALE","2017-10-09","Grade 7","ACTIVE"
"1002","STU202501002","Daniel Wright","MALE","2017-10-08","Grade 7","ACTIVE"
"1003","STU202501003","Kimberly Phillips","FEMALE","2017-10-07","Grade 7","ACTIVE"
"1004","STU202501004","George Morgan","MALE","2017-10-06","Grade 7","ACTIVE"
"1005","STU202501005","Laura Bennett","FEMALE","2017-10-05","Grade 7","ACTIVE"
"1006","STU202501006","Jonathan Williams","MALE","2017-10-04","Grade 7","ACTIVE"
"1007","STU202501007","Helen Martin","FEMALE","2017-10-03","Grade 7","ACTIVE"
"1008","STU202501008","Alexander Torres","MALE","2017-10-02","Grade 7","ACTIVE"
"1009","STU202501009","Diane Turner","FEMALE","2017-10-01","Grade 7","ACTIVE"
"1010","STU202501010","William Peterson","MALE","2017-09-30","Grade 7","ACTIVE"
"1011","STU202501011","Lisa Mendoza","FEMALE","2017-09-29","Grade 7","ACTIVE"
"1012","STU202501012","Steven Jones","MALE","2017-09-28","Grade 7","ACTIVE"
"1013","STU202501013","Dorothy Perez","FEMALE","2017-09-27","Grade 7","ACTIVE"
"1014","STU202501014","Jeffrey Hill","MALE","2017-09-26","Grade 7","ACTIVE"
"1015","STU202501015","Shirley Parker","FEMALE","2017-09-25","Grade 7","ACTIVE"
"1016","STU202501016","Brandon Reed","MALE","2017-09-24","Grade 7","ACTIVE"
"1017","STU202501017","Rachel Hughes","FEMALE","2017-09-23","Grade 7","ACTIVE"
"1018","STU202501018","Tyler Miller","MALE","2017-09-22","Grade 7","ACTIVE"
"1019","STU202501019","Elizabeth White","FEMALE","2017-09-21","Grade 7","ACTIVE"
"1020","STU202501020","Charles Green","MALE","2017-09-20","Grade 7","ACTIVE"
"1021","STU202501021","Ashley Edwards","FEMALE","2017-09-19","Grade 7","ACTIVE"
"1022","STU202501022","Brian Howard","MALE","2017-09-18","Grade 7","ACTIVE"
"1023","STU202501023","Sharon Alvarez","FEMALE","2017-09-17","Grade 7","ACTIVE"
"1024","STU202501024","Eric Rodriguez","MALE","2017-09-16","Grade 7","ACTIVE"
"1025","STU202501025","Nicole Sanchez","FEMALE","2017-09-15","Grade 7","ACTIVE"
"1026","STU202501026","Frank Nelson","MALE","2017-09-14","Grade 7","ACTIVE"
"1027","STU202501027","Heather Reyes","FEMALE","2017-09-13","Grade 7","ACTIVE"
"1028","STU202501028","David Kim","MALE","2017-09-12","Grade 7","ACTIVE"
"1029","STU202501029","Karen Sanders","FEMALE","2017-09-11","Grade 7","ACTIVE"
"1030","STU202501030","Donald Hernandez","MALE","2017-09-10","Grade 7","ACTIVE"
"1031","STU202501031","Amanda Ramirez","FEMALE","2017-09-09","Grade 7","ACTIVE"
"1032","STU202501032","Jason Hall","MALE","2017-09-08","Grade 7","ACTIVE"
"1033","STU202501033","Angela Morris","FEMALE","2017-09-07","Grade 7","ACTIVE"
"1034","STU202501034","Scott Ward","MALE","2017-09-06","Grade 7","ACTIVE"
"1035","STU202501035","Debra Myers","FEMALE","2017-09-05","Grade 7","ACTIVE"
"1036","STU202501036","Jerry Gonzalez","MALE","2017-09-04","Grade 7","ACTIVE"
"1037","STU202501037","Linda Robinson","FEMALE","2017-09-03","Grade 7","ACTIVE"
"1038","STU202501038","Christopher Campbell","MALE","2017-09-02","Grade 7","ACTIVE"
"1039","STU202501039","Sandra Murphy","FEMALE","2017-09-01","Grade 7","ACTIVE"
"1040","STU202501040","Kevin Watson","MALE","2017-08-31","Grade 7","ACTIVE"
"1041","STU202501041","Rebecca Ross","FEMALE","2017-08-30","Grade 7","ACTIVE"
"1042","STU202501042","Nicholas Anderson","MALE","2017-08-29","Grade 7","ACTIVE"
"1043","STU202501043","Emma Young","FEMALE","2017-08-28","Grade 7","ACTIVE"
"1044","STU202501044","Gregory Carter","MALE","2017-08-27","Grade 7","ACTIVE"
"1045","STU202501045","Maria Rogers","FEMALE","2017-08-26","Grade 7","ACTIVE"
"1046","STU202501046","Michael Chavez","MALE","2017-08-25","Grade 7","ACTIVE"
"1047","STU202501047","Sarah Jimenez","FEMALE","2017-08-24","Grade 7","ACTIVE"
"1048","STU202501048","Mark Taylor","MALE","2017-08-23","Grade 7","ACTIVE"
"1049","STU202501049","Michelle King","FEMALE","2017-08-22","Grade 7","ACTIVE"
"1050","STU202501050","Edward Gomez","MALE","2017-08-21","Grade 7","ACTIVE"
"1051","STU202501051","Amy Ortiz","FEMALE","2017-08-20","Grade 7","ACTIVE"
"1052","STU202501052","Justin James","MALE","2017-08-19","Grade 7","ACTIVE"
"1053","STU202501053","Christine Johnson","FEMALE","2017-08-18","Grade 7","ACTIVE"
"1054","STU202501054","Dennis Jackson","MALE","2017-08-17","Grade 7","ACTIVE"
"1055","STU202501055","Jennifer Scott","FEMALE","2017-08-16","Grade 7","ACTIVE"
"1056","STU202501056","Thomas Evans","MALE","2017-08-15","Grade 7","ACTIVE"
"1057","STU202501057","Margaret Cooper","FEMALE","2017-08-14","Grade 7","ACTIVE"
"1058","STU202501058","Joshua Gray","MALE","2017-08-13","Grade 7","ACTIVE"
"1059","STU202501059","Stephanie Brown","FEMALE","2017-08-12","Grade 7","ACTIVE"
"1060","STU202501060","Gary Lee","MALE","2017-08-11","Grade 7","ACTIVE"
"1061","STU202501061","Pamela Nguyen","FEMALE","2017-08-10","Grade 7","ACTIVE"
"1062","STU202501062","Raymond Diaz","MALE","2017-08-09","Grade 7","ACTIVE"
"1063","STU202501063","Catherine Bailey","FEMALE","2017-08-08","Grade 7","ACTIVE"
"1064","STU202501064","Robert Ruiz","MALE","2017-08-07","Grade 7","ACTIVE"
"1065","STU202501065","Jessica Garcia","FEMALE","2017-08-06","Grade 7","ACTIVE"
"1066","STU202501066","Anthony Thompson","MALE","2017-08-05","Grade 7","ACTIVE"
"1067","STU202501067","Donna Flores","FEMALE","2017-08-04","Grade 7","ACTIVE"
"1068","STU202501068","Ronald Cruz","MALE","2017-08-03","Grade 7","ACTIVE"
"1069","STU202501069","Kathleen Kelly","FEMALE","2017-08-02","Grade 7","ACTIVE"
"1070","STU202501070","Larry Price","MALE","2017-08-01","Grade 7","ACTIVE"
"1071","STU202501071","Katherine Davis","FEMALE","2017-07-31","Grade 7","ACTIVE"
"1072","STU202501072","Jack Harris","MALE","2017-07-30","Grade 7","ACTIVE"
"1073","STU202501073","Patricia Adams","FEMALE","2016-07-29","Grade 8","ACTIVE"
"1074","STU202501074","Joseph Collins","MALE","2016-07-28","Grade 8","ACTIVE"
"1075","STU202501075","Betty Ramos","FEMALE","2016-07-27","Grade 8","ACTIVE"
"1076","STU202501076","Andrew Castillo","MALE","2016-07-26","Grade 8","ACTIVE"
"1077","STU202501077","Deborah Martinez","FEMALE","2016-07-25","Grade 8","ACTIVE"
"1078","STU202501078","Jacob Clark","MALE","2016-07-24","Grade 8","ACTIVE"
"1079","STU202501079","Brenda Baker","FEMALE","2016-07-23","Grade 8","ACTIVE"
"1080","STU202501080","Samuel Stewart","MALE","2016-07-22","Grade 8","ACTIVE"
"1081","STU202501081","Janet Cox","FEMALE","2016-07-21","Grade 8","ACTIVE"
"1082","STU202501082","John Patel","MALE","2016-07-20","Grade 8","ACTIVE"
"1083","STU202501083","Susan Lopez","FEMALE","2016-07-19","Grade 8","ACTIVE"
"1084","STU202501084","Matthew Lewis","MALE","2016-07-18","Grade 8","ACTIVE"
"1085","STU202501085","Emily Rivera","FEMALE","2016-07-17","Grade 8","ACTIVE"
"1086","STU202501086","Timothy Morales","MALE","2016-07-16","Grade 8","ACTIVE"
"1087","STU202501087","Cynthia Richardson","FEMALE","2016-07-15","Grade 8","ACTIVE"
"1088","STU202501088","Stephen Long","MALE","2016-07-14","Grade 8","ACTIVE"
"1089","STU202501089","Samantha Wilson","FEMALE","2016-07-13","Grade 8","ACTIVE"
"1090","STU202501090","Patrick Walker","MALE","2016-07-12","Grade 8","ACTIVE"
"1091","STU202501091","Mary Mitchell","FEMALE","2016-07-11","Grade 8","ACTIVE"
"1092","STU202501092","Richard Cook","MALE","2016-07-10","Grade 8","ACTIVE"
"1248","STU202501248","Mark Taylor","MALE","2017-02-04","Grade 8","ACTIVE"
"1093","STU202501093","Nancy Brooks","FEMALE","2016-07-09","Grade 8","ACTIVE"
"1094","STU202501094","Paul Foster","MALE","2016-07-08","Grade 8","ACTIVE"
"1095","STU202501095","Melissa Thomas","FEMALE","2017-07-07","Grade 8","ACTIVE"
"1096","STU202501096","Ryan Allen","MALE","2017-07-06","Grade 8","ACTIVE"
"1097","STU202501097","Anna Roberts","FEMALE","2017-07-05","Grade 8","ACTIVE"
"1098","STU202501098","Benjamin Gutierrez","MALE","2017-07-04","Grade 8","ACTIVE"
"1099","STU202501099","Carolyn Wood","FEMALE","2017-07-03","Grade 8","ACTIVE"
"1100","STU202501100","James Smith","MALE","2017-07-02","Grade 8","ACTIVE"
"1101","STU202501101","Barbara Moore","FEMALE","2017-07-01","Grade 8","ACTIVE"
"1102","STU202501102","Daniel Wright","MALE","2017-06-30","Grade 8","ACTIVE"
"1103","STU202501103","Kimberly Phillips","FEMALE","2017-06-29","Grade 8","ACTIVE"
"1104","STU202501104","George Morgan","MALE","2017-06-28","Grade 8","ACTIVE"
"1105","STU202501105","Laura Bennett","FEMALE","2017-06-27","Grade 8","ACTIVE"
"1106","STU202501106","Jonathan Williams","MALE","2017-06-26","Grade 8","ACTIVE"
"1107","STU202501107","Helen Martin","FEMALE","2017-06-25","Grade 8","ACTIVE"
"1108","STU202501108","Alexander Torres","MALE","2017-06-24","Grade 8","ACTIVE"
"1109","STU202501109","Diane Turner","FEMALE","2017-06-23","Grade 8","ACTIVE"
"1110","STU202501110","William Peterson","MALE","2017-06-22","Grade 8","ACTIVE"
"1111","STU202501111","Lisa Mendoza","FEMALE","2017-06-21","Grade 8","ACTIVE"
"1112","STU202501112","Steven Jones","MALE","2017-06-20","Grade 8","ACTIVE"
"1113","STU202501113","Dorothy Perez","FEMALE","2017-06-19","Grade 8","ACTIVE"
"1114","STU202501114","Jeffrey Hill","MALE","2017-06-18","Grade 8","ACTIVE"
"1115","STU202501115","Shirley Parker","FEMALE","2017-06-17","Grade 8","ACTIVE"
"1116","STU202501116","Brandon Reed","MALE","2017-06-16","Grade 8","ACTIVE"
"1117","STU202501117","Rachel Hughes","FEMALE","2017-06-15","Grade 8","ACTIVE"
"1118","STU202501118","Tyler Miller","MALE","2017-06-14","Grade 8","ACTIVE"
"1119","STU202501119","Elizabeth White","FEMALE","2017-06-13","Grade 8","ACTIVE"
"1120","STU202501120","Charles Green","MALE","2017-06-12","Grade 8","ACTIVE"
"1121","STU202501121","Ashley Edwards","FEMALE","2017-06-11","Grade 8","ACTIVE"
"1122","STU202501122","Brian Howard","MALE","2017-06-10","Grade 8","ACTIVE"
"1123","STU202501123","Sharon Alvarez","FEMALE","2017-06-09","Grade 8","ACTIVE"
"1124","STU202501124","Eric Rodriguez","MALE","2017-06-08","Grade 8","ACTIVE"
"1125","STU202501125","Nicole Sanchez","FEMALE","2017-06-07","Grade 8","ACTIVE"
"1126","STU202501126","Frank Nelson","MALE","2017-06-06","Grade 8","ACTIVE"
"1127","STU202501127","Heather Reyes","FEMALE","2017-06-05","Grade 8","ACTIVE"
"1128","STU202501128","David Kim","MALE","2017-06-04","Grade 8","ACTIVE"
"1129","STU202501129","Karen Sanders","FEMALE","2017-06-03","Grade 8","ACTIVE"
"1130","STU202501130","Donald Hernandez","MALE","2017-06-02","Grade 8","ACTIVE"
"1131","STU202501131","Amanda Ramirez","FEMALE","2017-06-01","Grade 8","ACTIVE"
"1132","STU202501132","Jason Hall","MALE","2017-05-31","Grade 8","ACTIVE"
"1133","STU202501133","Angela Morris","FEMALE","2017-05-30","Grade 8","ACTIVE"
"1134","STU202501134","Scott Ward","MALE","2017-05-29","Grade 8","ACTIVE"
"1135","STU202501135","Debra Myers","FEMALE","2017-05-28","Grade 8","ACTIVE"
"1136","STU202501136","Jerry Gonzalez","MALE","2017-05-27","Grade 8","ACTIVE"
"1137","STU202501137","Linda Robinson","FEMALE","2017-05-26","Grade 8","ACTIVE"
"1138","STU202501138","Christopher Campbell","MALE","2017-05-25","Grade 8","ACTIVE"
"1139","STU202501139","Sandra Murphy","FEMALE","2017-05-24","Grade 8","ACTIVE"
"1140","STU202501140","Kevin Watson","MALE","2017-05-23","Grade 8","ACTIVE"
"1141","STU202501141","Rebecca Ross","FEMALE","2017-05-22","Grade 8","ACTIVE"
"1142","STU202501142","Nicholas Anderson","MALE","2017-05-21","Grade 8","ACTIVE"
"1143","STU202501143","Emma Young","FEMALE","2017-05-20","Grade 8","ACTIVE"
"1144","STU202501144","Gregory Carter","MALE","2017-05-19","Grade 8","ACTIVE"
"1145","STU202501145","Maria Rogers","FEMALE","2017-05-18","Grade 8","ACTIVE"
"1146","STU202501146","Michael Chavez","MALE","2017-05-17","Grade 8","ACTIVE"
"1147","STU202501147","Sarah Jimenez","FEMALE","2017-05-16","Grade 8","ACTIVE"
"1148","STU202501148","Mark Taylor","MALE","2017-05-15","Grade 8","ACTIVE"
"1149","STU202501149","Michelle King","FEMALE","2017-05-14","Grade 8","ACTIVE"
"1150","STU202501150","Edward Gomez","MALE","2017-05-13","Grade 8","ACTIVE"
"1151","STU202501151","Amy Ortiz","FEMALE","2017-05-12","Grade 8","ACTIVE"
"1152","STU202501152","Justin James","MALE","2017-05-11","Grade 8","ACTIVE"
"1153","STU202501153","Christine Johnson","FEMALE","2017-05-10","Grade 8","ACTIVE"
"1154","STU202501154","Dennis Jackson","MALE","2017-05-09","Grade 8","ACTIVE"
"1155","STU202501155","Jennifer Scott","FEMALE","2017-05-08","Grade 8","ACTIVE"
"1156","STU202501156","Thomas Evans","MALE","2017-05-07","Grade 8","ACTIVE"
"1157","STU202501157","Margaret Cooper","FEMALE","2017-05-06","Grade 8","ACTIVE"
"1158","STU202501158","Joshua Gray","MALE","2017-05-05","Grade 8","ACTIVE"
"1159","STU202501159","Stephanie Brown","FEMALE","2017-05-04","Grade 8","ACTIVE"
"1160","STU202501160","Gary Lee","MALE","2017-05-03","Grade 8","ACTIVE"
"1161","STU202501161","Pamela Nguyen","FEMALE","2017-05-02","Grade 8","ACTIVE"
"1162","STU202501162","Raymond Diaz","MALE","2017-05-01","Grade 8","ACTIVE"
"1163","STU202501163","Catherine Bailey","FEMALE","2017-04-30","Grade 8","ACTIVE"
"1164","STU202501164","Robert Ruiz","MALE","2017-04-29","Grade 8","ACTIVE"
"1165","STU202501165","Jessica Garcia","FEMALE","2017-04-28","Grade 8","ACTIVE"
"1166","STU202501166","Anthony Thompson","MALE","2017-04-27","Grade 8","ACTIVE"
"1167","STU202501167","Donna Flores","FEMALE","2017-04-26","Grade 8","ACTIVE"
"1168","STU202501168","Ronald Cruz","MALE","2017-04-25","Grade 8","ACTIVE"
"1169","STU202501169","Kathleen Kelly","FEMALE","2017-04-24","Grade 8","ACTIVE"
"1170","STU202501170","Larry Price","MALE","2017-04-23","Grade 8","ACTIVE"
"1171","STU202501171","Katherine Davis","FEMALE","2017-04-22","Grade 8","ACTIVE"
"1172","STU202501172","Jack Harris","MALE","2017-04-21","Grade 8","ACTIVE"
"1173","STU202501173","Patricia Adams","FEMALE","2017-04-20","Grade 8","ACTIVE"
"1174","STU202501174","Joseph Collins","MALE","2017-04-19","Grade 8","ACTIVE"
"1175","STU202501175","Betty Ramos","FEMALE","2017-04-18","Grade 8","ACTIVE"
"1176","STU202501176","Andrew Castillo","MALE","2017-04-17","Grade 8","ACTIVE"
"1177","STU202501177","Deborah Martinez","FEMALE","2017-04-16","Grade 8","ACTIVE"
"1178","STU202501178","Jacob Clark","MALE","2017-04-15","Grade 8","ACTIVE"
"1179","STU202501179","Brenda Baker","FEMALE","2017-04-14","Grade 8","ACTIVE"
"1180","STU202501180","Samuel Stewart","MALE","2017-04-13","Grade 8","ACTIVE"
"1181","STU202501181","Janet Cox","FEMALE","2017-04-12","Grade 8","ACTIVE"
"1182","STU202501182","John Patel","MALE","2017-04-11","Grade 8","ACTIVE"
"1183","STU202501183","Susan Lopez","FEMALE","2017-04-10","Grade 8","ACTIVE"
"1184","STU202501184","Matthew Lewis","MALE","2017-04-09","Grade 8","ACTIVE"
"1185","STU202501185","Emily Rivera","FEMALE","2017-04-08","Grade 8","ACTIVE"
"1186","STU202501186","Timothy Morales","MALE","2017-04-07","Grade 8","ACTIVE"
"1187","STU202501187","Cynthia Richardson","FEMALE","2017-04-06","Grade 8","ACTIVE"
"1188","STU202501188","Stephen Long","MALE","2017-04-05","Grade 8","ACTIVE"
"1189","STU202501189","Samantha Wilson","FEMALE","2017-04-04","Grade 8","ACTIVE"
"1190","STU202501190","Patrick Walker","MALE","2017-04-03","Grade 8","ACTIVE"
"1191","STU202501191","Mary Mitchell","FEMALE","2017-04-02","Grade 8","ACTIVE"
"1192","STU202501192","Richard Cook","MALE","2017-04-01","Grade 8","ACTIVE"
"1193","STU202501193","Nancy Brooks","FEMALE","2017-03-31","Grade 8","ACTIVE"
"1194","STU202501194","Paul Foster","MALE","2017-03-30","Grade 8","ACTIVE"
"1195","STU202501195","Melissa Thomas","FEMALE","2017-03-29","Grade 8","ACTIVE"
"1196","STU202501196","Ryan Allen","MALE","2017-03-28","Grade 8","ACTIVE"
"1197","STU202501197","Anna Roberts","FEMALE","2017-03-27","Grade 8","ACTIVE"
"1198","STU202501198","Benjamin Gutierrez","MALE","2017-03-26","Grade 8","ACTIVE"
"1199","STU202501199","Carolyn Wood","FEMALE","2017-03-25","Grade 8","ACTIVE"
"1200","STU202501200","James Smith","MALE","2017-03-24","Grade 8","ACTIVE"
"1201","STU202501201","Barbara Moore","FEMALE","2017-03-23","Grade 8","ACTIVE"
"1202","STU202501202","Daniel Wright","MALE","2017-03-22","Grade 8","ACTIVE"
"1203","STU202501203","Kimberly Phillips","FEMALE","2017-03-21","Grade 8","ACTIVE"
"1204","STU202501204","George Morgan","MALE","2017-03-20","Grade 8","ACTIVE"
"1205","STU202501205","Laura Bennett","FEMALE","2017-03-19","Grade 8","ACTIVE"
"1206","STU202501206","Jonathan Williams","MALE","2017-03-18","Grade 8","ACTIVE"
"1207","STU202501207","Helen Martin","FEMALE","2017-03-17","Grade 8","ACTIVE"
"1208","STU202501208","Alexander Torres","MALE","2017-03-16","Grade 8","ACTIVE"
"1209","STU202501209","Diane Turner","FEMALE","2017-03-15","Grade 8","ACTIVE"
"1210","STU202501210","William Peterson","MALE","2017-03-14","Grade 8","ACTIVE"
"1211","STU202501211","Lisa Mendoza","FEMALE","2017-03-13","Grade 8","ACTIVE"
"1212","STU202501212","Steven Jones","MALE","2017-03-12","Grade 8","ACTIVE"
"1213","STU202501213","Dorothy Perez","FEMALE","2017-03-11","Grade 8","ACTIVE"
"1214","STU202501214","Jeffrey Hill","MALE","2017-03-10","Grade 8","ACTIVE"
"1215","STU202501215","Shirley Parker","FEMALE","2017-03-09","Grade 8","ACTIVE"
"1216","STU202501216","Brandon Reed","MALE","2017-03-08","Grade 8","ACTIVE"
"1217","STU202501217","Rachel Hughes","FEMALE","2017-03-07","Grade 8","ACTIVE"
"1218","STU202501218","Tyler Miller","MALE","2017-03-06","Grade 8","ACTIVE"
"1219","STU202501219","Elizabeth White","FEMALE","2017-03-05","Grade 8","ACTIVE"
"1220","STU202501220","Charles Green","MALE","2017-03-04","Grade 8","ACTIVE"
"1221","STU202501221","Ashley Edwards","FEMALE","2017-03-03","Grade 8","ACTIVE"
"1222","STU202501222","Brian Howard","MALE","2017-03-02","Grade 8","ACTIVE"
"1223","STU202501223","Sharon Alvarez","FEMALE","2017-03-01","Grade 8","ACTIVE"
"1224","STU202501224","Eric Rodriguez","MALE","2017-02-28","Grade 8","ACTIVE"
"1225","STU202501225","Nicole Sanchez","FEMALE","2017-02-27","Grade 8","ACTIVE"
"1226","STU202501226","Frank Nelson","MALE","2017-02-26","Grade 8","ACTIVE"
"1227","STU202501227","Heather Reyes","FEMALE","2017-02-25","Grade 8","ACTIVE"
"1228","STU202501228","David Kim","MALE","2017-02-24","Grade 8","ACTIVE"
"1229","STU202501229","Karen Sanders","FEMALE","2017-02-23","Grade 8","ACTIVE"
"1230","STU202501230","Donald Hernandez","MALE","2017-02-22","Grade 8","ACTIVE"
"1231","STU202501231","Amanda Ramirez","FEMALE","2017-02-21","Grade 8","ACTIVE"
"1232","STU202501232","Jason Hall","MALE","2017-02-20","Grade 8","ACTIVE"
"1233","STU202501233","Angela Morris","FEMALE","2017-02-19","Grade 8","ACTIVE"
"1234","STU202501234","Scott Ward","MALE","2017-02-18","Grade 8","ACTIVE"
"1235","STU202501235","Debra Myers","FEMALE","2017-02-17","Grade 8","ACTIVE"
"1236","STU202501236","Jerry Gonzalez","MALE","2017-02-16","Grade 8","ACTIVE"
"1237","STU202501237","Linda Robinson","FEMALE","2017-02-15","Grade 8","ACTIVE"
"1238","STU202501238","Christopher Campbell","MALE","2017-02-14","Grade 8","ACTIVE"
"1239","STU202501239","Sandra Murphy","FEMALE","2017-02-13","Grade 8","ACTIVE"
"1240","STU202501240","Kevin Watson","MALE","2017-02-12","Grade 8","ACTIVE"
"1241","STU202501241","Rebecca Ross","FEMALE","2017-02-11","Grade 8","ACTIVE"
"1242","STU202501242","Nicholas Anderson","MALE","2017-02-10","Grade 8","ACTIVE"
"1243","STU202501243","Emma Young","FEMALE","2017-02-09","Grade 8","ACTIVE"
"1244","STU202501244","Gregory Carter","MALE","2017-02-08","Grade 8","ACTIVE"
"1245","STU202501245","Maria Rogers","FEMALE","2017-02-07","Grade 8","ACTIVE"
"1246","STU202501246","Michael Chavez","MALE","2017-02-06","Grade 8","ACTIVE"
"1247","STU202501247","Sarah Jimenez","FEMALE","2017-02-05","Grade 8","ACTIVE"
"1249","STU202501249","Michelle King","FEMALE","2017-02-03","Grade 8","ACTIVE"
"1250","STU202501250","Edward Gomez","MALE","2017-02-02","Grade 8","ACTIVE"
"1251","STU202501251","Amy Ortiz","FEMALE","2017-02-01","Grade 8","ACTIVE"
"1252","STU202501252","Justin James","MALE","2017-01-31","Grade 8","ACTIVE"
"1253","STU202501253","Christine Johnson","FEMALE","2017-01-30","Grade 8","ACTIVE"
"1254","STU202501254","Dennis Jackson","MALE","2017-01-29","Grade 8","ACTIVE"
"1255","STU202501255","Jennifer Scott","FEMALE","2017-01-28","Grade 8","ACTIVE"
"1256","STU202501256","Thomas Evans","MALE","2017-01-27","Grade 8","ACTIVE"
"1257","STU202501257","Margaret Cooper","FEMALE","2017-01-26","Grade 8","ACTIVE"
"1258","STU202501258","Joshua Gray","MALE","2017-01-25","Grade 8","ACTIVE"
"1259","STU202501259","Stephanie Brown","FEMALE","2017-01-24","Grade 8","ACTIVE"
"1260","STU202501260","Gary Lee","MALE","2017-01-23","Grade 8","ACTIVE"
"1261","STU202501261","Pamela Nguyen","FEMALE","2017-01-22","Grade 8","ACTIVE"
"1262","STU202501262","Raymond Diaz","MALE","2017-01-21","Grade 8","ACTIVE"
"1263","STU202501263","Catherine Bailey","FEMALE","2017-01-20","Grade 8","ACTIVE"
"1264","STU202501264","Robert Ruiz","MALE","2017-01-19","Grade 8","ACTIVE"
"1265","STU202501265","Jessica Garcia","FEMALE","2017-01-18","Grade 8","ACTIVE"
"1266","STU202501266","Anthony Thompson","MALE","2017-01-17","Grade 8","ACTIVE"
"1267","STU202501267","Donna Flores","FEMALE","2017-01-16","Grade 8","ACTIVE"
"1268","STU202501268","Ronald Cruz","MALE","2017-01-15","Grade 8","ACTIVE"
"1269","STU202501269","Kathleen Kelly","FEMALE","2017-01-14","Grade 8","ACTIVE"
"1270","STU202501270","Larry Price","MALE","2017-01-13","Grade 8","ACTIVE"
"1271","STU202501271","Katherine Davis","FEMALE","2017-01-12","Grade 8","ACTIVE"
"1272","STU202501272","Jack Harris","MALE","2017-01-11","Grade 8","ACTIVE"
"1273","STU202501273","Patricia Adams","FEMALE","2017-01-10","Grade 8","ACTIVE"
"1274","STU202501274","Joseph Collins","MALE","2016-01-10","Grade 9","ACTIVE"
"1275","STU202501275","Betty Ramos","FEMALE","2016-01-09","Grade 9","ACTIVE"
"1276","STU202501276","Andrew Castillo","MALE","2016-01-08","Grade 9","ACTIVE"
"1277","STU202501277","Deborah Martinez","FEMALE","2016-01-07","Grade 9","ACTIVE"
"1278","STU202501278","Jacob Clark","MALE","2016-01-06","Grade 9","ACTIVE"
"1279","STU202501279","Brenda Baker","FEMALE","2016-01-05","Grade 9","ACTIVE"
"1280","STU202501280","Samuel Stewart","MALE","2016-01-04","Grade 9","ACTIVE"
"1281","STU202501281","Janet Cox","FEMALE","2016-01-03","Grade 9","ACTIVE"
"1282","STU202501282","John Patel","MALE","2016-01-02","Grade 9","ACTIVE"
"1283","STU202501283","Susan Lopez","FEMALE","2016-01-01","Grade 9","ACTIVE"
"1284","STU202501284","Matthew Lewis","MALE","2015-12-31","Grade 9","ACTIVE"
"1285","STU202501285","Emily Rivera","FEMALE","2015-12-30","Grade 9","ACTIVE"
"1286","STU202501286","Timothy Morales","MALE","2015-12-29","Grade 9","ACTIVE"
"1287","STU202501287","Cynthia Richardson","FEMALE","2015-12-28","Grade 9","ACTIVE"
"1288","STU202501288","Stephen Long","MALE","2015-12-27","Grade 9","ACTIVE"
"1289","STU202501289","Samantha Wilson","FEMALE","2015-12-26","Grade 9","ACTIVE"
"1290","STU202501290","Patrick Walker","MALE","2015-12-25","Grade 9","ACTIVE"
"1291","STU202501291","Mary Mitchell","FEMALE","2015-12-24","Grade 9","ACTIVE"
"1292","STU202501292","Richard Cook","MALE","2015-12-23","Grade 9","ACTIVE"
"1293","STU202501293","Nancy Brooks","FEMALE","2015-12-22","Grade 9","ACTIVE"
"1294","STU202501294","Paul Foster","MALE","2015-12-21","Grade 9","ACTIVE"
"1295","STU202501295","Melissa Thomas","FEMALE","2015-12-20","Grade 9","ACTIVE"
"1296","STU202501296","Ryan Allen","MALE","2015-12-19","Grade 9","ACTIVE"
"1297","STU202501297","Anna Roberts","FEMALE","2015-12-18","Grade 9","ACTIVE"
"1298","STU202501298","Benjamin Gutierrez","MALE","2015-12-17","Grade 9","ACTIVE"
"1299","STU202501299","Carolyn Wood","FEMALE","2015-12-16","Grade 9","ACTIVE"
"1300","STU202501300","James Smith","MALE","2015-12-15","Grade 9","ACTIVE"
"1301","STU202501301","Barbara Moore","FEMALE","2015-12-14","Grade 9","ACTIVE"
"1302","STU202501302","Daniel Wright","MALE","2015-12-13","Grade 9","ACTIVE"
"1303","STU202501303","Kimberly Phillips","FEMALE","2015-12-12","Grade 9","ACTIVE"
"1304","STU202501304","George Morgan","MALE","2015-12-11","Grade 9","ACTIVE"
"1305","STU202501305","Laura Bennett","FEMALE","2015-12-10","Grade 9","ACTIVE"
"1306","STU202501306","Jonathan Williams","MALE","2015-12-09","Grade 9","ACTIVE"
"1307","STU202501307","Helen Martin","FEMALE","2015-12-08","Grade 9","ACTIVE"
"1308","STU202501308","Alexander Torres","MALE","2015-12-07","Grade 9","ACTIVE"
"1309","STU202501309","Diane Turner","FEMALE","2015-12-06","Grade 9","ACTIVE"
"1310","STU202501310","William Peterson","MALE","2015-12-05","Grade 9","ACTIVE"
"1311","STU202501311","Lisa Mendoza","FEMALE","2015-12-04","Grade 9","ACTIVE"
"1312","STU202501312","Steven Jones","MALE","2015-12-03","Grade 9","ACTIVE"
"1313","STU202501313","Dorothy Perez","FEMALE","2015-12-02","Grade 9","ACTIVE"
"1314","STU202501314","Jeffrey Hill","MALE","2015-12-01","Grade 9","ACTIVE"
"1315","STU202501315","Shirley Parker","FEMALE","2015-11-30","Grade 9","ACTIVE"
"1316","STU202501316","Brandon Reed","MALE","2015-11-29","Grade 9","ACTIVE"
"1317","STU202501317","Rachel Hughes","FEMALE","2015-11-28","Grade 9","ACTIVE"
"1318","STU202501318","Tyler Miller","MALE","2015-11-27","Grade 9","ACTIVE"
"1319","STU202501319","Elizabeth White","FEMALE","2015-11-26","Grade 9","ACTIVE"
"1320","STU202501320","Charles Green","MALE","2015-11-25","Grade 9","ACTIVE"
"1321","STU202501321","Ashley Edwards","FEMALE","2015-11-24","Grade 9","ACTIVE"
"1322","STU202501322","Brian Howard","MALE","2015-11-23","Grade 9","ACTIVE"
"1323","STU202501323","Sharon Alvarez","FEMALE","2015-11-22","Grade 9","ACTIVE"
"1324","STU202501324","Eric Rodriguez","MALE","2015-11-21","Grade 9","ACTIVE"
"1325","STU202501325","Nicole Sanchez","FEMALE","2015-11-20","Grade 9","ACTIVE"
"1326","STU202501326","Frank Nelson","MALE","2015-11-19","Grade 9","ACTIVE"
"1327","STU202501327","Heather Reyes","FEMALE","2015-11-18","Grade 9","ACTIVE"
"1328","STU202501328","David Kim","MALE","2015-11-17","Grade 9","ACTIVE"
"1329","STU202501329","Karen Sanders","FEMALE","2015-11-16","Grade 9","ACTIVE"
"1330","STU202501330","Donald Hernandez","MALE","2015-11-15","Grade 9","ACTIVE"
"1331","STU202501331","Amanda Ramirez","FEMALE","2015-11-14","Grade 9","ACTIVE"
"1332","STU202501332","Jason Hall","MALE","2015-11-13","Grade 9","ACTIVE"
"1333","STU202501333","Angela Morris","FEMALE","2015-11-12","Grade 9","ACTIVE"
"1334","STU202501334","Scott Ward","MALE","2015-11-11","Grade 9","ACTIVE"
"1335","STU202501335","Debra Myers","FEMALE","2015-11-10","Grade 9","ACTIVE"
"1336","STU202501336","Jerry Gonzalez","MALE","2015-11-09","Grade 9","ACTIVE"
"1337","STU202501337","Linda Robinson","FEMALE","2015-11-08","Grade 9","ACTIVE"
"1338","STU202501338","Christopher Campbell","MALE","2015-11-07","Grade 9","ACTIVE"
"1339","STU202501339","Sandra Murphy","FEMALE","2015-11-06","Grade 9","ACTIVE"
"1340","STU202501340","Kevin Watson","MALE","2015-11-05","Grade 9","ACTIVE"
"1341","STU202501341","Rebecca Ross","FEMALE","2015-11-04","Grade 9","ACTIVE"
"1342","STU202501342","Nicholas Anderson","MALE","2015-11-03","Grade 9","ACTIVE"
"1343","STU202501343","Emma Young","FEMALE","2015-11-02","Grade 9","ACTIVE"
"1344","STU202501344","Gregory Carter","MALE","2015-11-01","Grade 9","ACTIVE"
"1345","STU202501345","Maria Rogers","FEMALE","2015-10-31","Grade 9","ACTIVE"
"1346","STU202501346","Michael Chavez","MALE","2015-10-30","Grade 9","ACTIVE"
"1347","STU202501347","Sarah Jimenez","FEMALE","2015-10-29","Grade 9","ACTIVE"
"1348","STU202501348","Mark Taylor","MALE","2015-10-28","Grade 9","ACTIVE"
"1349","STU202501349","Michelle King","FEMALE","2015-10-27","Grade 9","ACTIVE"
"1350","STU202501350","Edward Gomez","MALE","2015-10-26","Grade 9","ACTIVE"
"1351","STU202501351","Amy Ortiz","FEMALE","2015-10-25","Grade 9","ACTIVE"
"1352","STU202501352","Justin James","MALE","2015-10-24","Grade 9","ACTIVE"
"1353","STU202501353","Christine Johnson","FEMALE","2015-10-23","Grade 9","ACTIVE"
"1354","STU202501354","Dennis Jackson","MALE","2015-10-22","Grade 9","ACTIVE"
"1355","STU202501355","Jennifer Scott","FEMALE","2015-10-21","Grade 9","ACTIVE"
"1356","STU202501356","Thomas Evans","MALE","2015-10-20","Grade 9","ACTIVE"
"1357","STU202501357","Margaret Cooper","FEMALE","2015-10-19","Grade 9","ACTIVE"
"1358","STU202501358","Joshua Gray","MALE","2015-10-18","Grade 9","ACTIVE"
"1359","STU202501359","Stephanie Brown","FEMALE","2015-10-17","Grade 9","ACTIVE"
"1360","STU202501360","Gary Lee","MALE","2015-10-16","Grade 9","ACTIVE"
"1361","STU202501361","Pamela Nguyen","FEMALE","2015-10-15","Grade 9","ACTIVE"
"1362","STU202501362","Raymond Diaz","MALE","2015-10-14","Grade 9","ACTIVE"
"1363","STU202501363","Catherine Bailey","FEMALE","2015-10-13","Grade 9","ACTIVE"
"1364","STU202501364","Robert Ruiz","MALE","2015-10-12","Grade 9","ACTIVE"
"1404","STU202501404","George Morgan","MALE","2015-09-02","Grade 9","ACTIVE"
"1365","STU202501365","Jessica Garcia","FEMALE","2015-10-11","Grade 9","ACTIVE"
"1366","STU202501366","Anthony Thompson","MALE","2015-10-10","Grade 9","ACTIVE"
"1367","STU202501367","Donna Flores","FEMALE","2015-10-09","Grade 9","ACTIVE"
"1368","STU202501368","Ronald Cruz","MALE","2015-10-08","Grade 9","ACTIVE"
"1369","STU202501369","Kathleen Kelly","FEMALE","2015-10-07","Grade 9","ACTIVE"
"1370","STU202501370","Larry Price","MALE","2015-10-06","Grade 9","ACTIVE"
"1371","STU202501371","Katherine Davis","FEMALE","2015-10-05","Grade 9","ACTIVE"
"1372","STU202501372","Jack Harris","MALE","2015-10-04","Grade 9","ACTIVE"
"1373","STU202501373","Patricia Adams","FEMALE","2015-10-03","Grade 9","ACTIVE"
"1374","STU202501374","Joseph Collins","MALE","2015-10-02","Grade 9","ACTIVE"
"1375","STU202501375","Betty Ramos","FEMALE","2015-10-01","Grade 9","ACTIVE"
"1376","STU202501376","Andrew Castillo","MALE","2015-09-30","Grade 9","ACTIVE"
"1377","STU202501377","Deborah Martinez","FEMALE","2015-09-29","Grade 9","ACTIVE"
"1378","STU202501378","Jacob Clark","MALE","2015-09-28","Grade 9","ACTIVE"
"1379","STU202501379","Brenda Baker","FEMALE","2015-09-27","Grade 9","ACTIVE"
"1380","STU202501380","Samuel Stewart","MALE","2015-09-26","Grade 9","ACTIVE"
"1381","STU202501381","Janet Cox","FEMALE","2015-09-25","Grade 9","ACTIVE"
"1382","STU202501382","John Patel","MALE","2015-09-24","Grade 9","ACTIVE"
"1383","STU202501383","Susan Lopez","FEMALE","2015-09-23","Grade 9","ACTIVE"
"1384","STU202501384","Matthew Lewis","MALE","2015-09-22","Grade 9","ACTIVE"
"1385","STU202501385","Emily Rivera","FEMALE","2015-09-21","Grade 9","ACTIVE"
"1386","STU202501386","Timothy Morales","MALE","2015-09-20","Grade 9","ACTIVE"
"1387","STU202501387","Cynthia Richardson","FEMALE","2015-09-19","Grade 9","ACTIVE"
"1388","STU202501388","Stephen Long","MALE","2015-09-18","Grade 9","ACTIVE"
"1389","STU202501389","Samantha Wilson","FEMALE","2015-09-17","Grade 9","ACTIVE"
"1390","STU202501390","Patrick Walker","MALE","2015-09-16","Grade 9","ACTIVE"
"1391","STU202501391","Mary Mitchell","FEMALE","2015-09-15","Grade 9","ACTIVE"
"1392","STU202501392","Richard Cook","MALE","2015-09-14","Grade 9","ACTIVE"
"1393","STU202501393","Nancy Brooks","FEMALE","2015-09-13","Grade 9","ACTIVE"
"1394","STU202501394","Paul Foster","MALE","2015-09-12","Grade 9","ACTIVE"
"1395","STU202501395","Melissa Thomas","FEMALE","2015-09-11","Grade 9","ACTIVE"
"1396","STU202501396","Ryan Allen","MALE","2015-09-10","Grade 9","ACTIVE"
"1397","STU202501397","Anna Roberts","FEMALE","2015-09-09","Grade 9","ACTIVE"
"1398","STU202501398","Benjamin Gutierrez","MALE","2015-09-08","Grade 9","ACTIVE"
"1399","STU202501399","Carolyn Wood","FEMALE","2015-09-07","Grade 9","ACTIVE"
"1400","STU202501400","James Smith","MALE","2015-09-06","Grade 9","ACTIVE"
"1401","STU202501401","Barbara Moore","FEMALE","2015-09-05","Grade 9","ACTIVE"
"1402","STU202501402","Daniel Wright","MALE","2015-09-04","Grade 9","ACTIVE"
"1403","STU202501403","Kimberly Phillips","FEMALE","2015-09-03","Grade 9","ACTIVE"
"1405","STU202501405","Laura Bennett","FEMALE","2015-09-01","Grade 9","ACTIVE"
"1406","STU202501406","Jonathan Williams","MALE","2015-08-31","Grade 9","ACTIVE"
"1407","STU202501407","Helen Martin","FEMALE","2015-08-30","Grade 9","ACTIVE"
"1408","STU202501408","Alexander Torres","MALE","2015-08-29","Grade 9","ACTIVE"
"1409","STU202501409","Diane Turner","FEMALE","2015-08-28","Grade 9","ACTIVE"
"1410","STU202501410","William Peterson","MALE","2015-08-27","Grade 9","ACTIVE"
"1411","STU202501411","Lisa Mendoza","FEMALE","2015-08-26","Grade 9","ACTIVE"
"1412","STU202501412","Steven Jones","MALE","2015-08-25","Grade 9","ACTIVE"
"1413","STU202501413","Dorothy Perez","FEMALE","2015-08-24","Grade 9","ACTIVE"
"1414","STU202501414","Jeffrey Hill","MALE","2015-08-23","Grade 9","ACTIVE"
"1415","STU202501415","Shirley Parker","FEMALE","2015-08-22","Grade 9","ACTIVE"
"1416","STU202501416","Brandon Reed","MALE","2015-08-21","Grade 9","ACTIVE"
"1417","STU202501417","Rachel Hughes","FEMALE","2015-08-20","Grade 9","ACTIVE"
"1418","STU202501418","Tyler Miller","MALE","2015-08-19","Grade 9","ACTIVE"
"1419","STU202501419","Elizabeth White","FEMALE","2015-08-18","Grade 9","ACTIVE"
"1420","STU202501420","Charles Green","MALE","2015-08-17","Grade 9","ACTIVE"
"1421","STU202501421","Ashley Edwards","FEMALE","2015-08-16","Grade 9","ACTIVE"
"1422","STU202501422","Brian Howard","MALE","2015-08-15","Grade 9","ACTIVE"
"1423","STU202501423","Sharon Alvarez","FEMALE","2015-08-14","Grade 9","ACTIVE"
"1424","STU202501424","Eric Rodriguez","MALE","2015-08-13","Grade 9","ACTIVE"
"1425","STU202501425","Nicole Sanchez","FEMALE","2015-08-12","Grade 9","ACTIVE"
"1426","STU202501426","Frank Nelson","MALE","2015-08-11","Grade 9","ACTIVE"
"1427","STU202501427","Heather Reyes","FEMALE","2015-08-10","Grade 9","ACTIVE"
"1428","STU202501428","David Kim","MALE","2015-08-09","Grade 9","ACTIVE"
"1429","STU202501429","Karen Sanders","FEMALE","2015-08-08","Grade 9","ACTIVE"
"1430","STU202501430","Donald Hernandez","MALE","2015-08-07","Grade 9","ACTIVE"
"1431","STU202501431","Amanda Ramirez","FEMALE","2015-08-06","Grade 9","ACTIVE"
"1432","STU202501432","Jason Hall","MALE","2015-08-05","Grade 9","ACTIVE"
"1433","STU202501433","Angela Morris","FEMALE","2015-08-04","Grade 9","ACTIVE"
"1434","STU202501434","Scott Ward","MALE","2015-08-03","Grade 9","ACTIVE"
"1435","STU202501435","Debra Myers","FEMALE","2015-08-02","Grade 9","ACTIVE"
"1436","STU202501436","Jerry Gonzalez","MALE","2015-08-01","Grade 9","ACTIVE"
"1437","STU202501437","Linda Robinson","FEMALE","2015-07-31","Grade 9","ACTIVE"
"1438","STU202501438","Christopher Campbell","MALE","2015-07-30","Grade 9","ACTIVE"
"1439","STU202501439","Sandra Murphy","FEMALE","2015-07-29","Grade 9","ACTIVE"
"1440","STU202501440","Kevin Watson","MALE","2015-07-28","Grade 9","ACTIVE"
"1441","STU202501441","Rebecca Ross","FEMALE","2015-07-27","Grade 9","ACTIVE"
"1442","STU202501442","Nicholas Anderson","MALE","2015-07-26","Grade 9","ACTIVE"
"1482","STU202501482","John Patel","MALE","2015-06-16","Grade 10","ACTIVE"
"1443","STU202501443","Emma Young","FEMALE","2015-07-25","Grade 9","ACTIVE"
"1444","STU202501444","Gregory Carter","MALE","2015-07-24","Grade 9","ACTIVE"
"1445","STU202501445","Maria Rogers","FEMALE","2015-07-23","Grade 9","ACTIVE"
"1446","STU202501446","Michael Chavez","MALE","2015-07-22","Grade 9","ACTIVE"
"1447","STU202501447","Sarah Jimenez","FEMALE","2015-07-21","Grade 9","ACTIVE"
"1448","STU202501448","Mark Taylor","MALE","2015-07-20","Grade 9","ACTIVE"
"1449","STU202501449","Michelle King","FEMALE","2015-07-19","Grade 9","ACTIVE"
"1450","STU202501450","Edward Gomez","MALE","2015-07-18","Grade 9","ACTIVE"
"1451","STU202501451","Amy Ortiz","FEMALE","2015-07-17","Grade 9","ACTIVE"
"1452","STU202501452","Justin James","MALE","2015-07-16","Grade 9","ACTIVE"
"1453","STU202501453","Christine Johnson","FEMALE","2015-07-15","Grade 9","ACTIVE"
"1454","STU202501454","Dennis Jackson","MALE","2015-07-14","Grade 9","ACTIVE"
"1455","STU202501455","Jennifer Scott","FEMALE","2015-07-13","Grade 9","ACTIVE"
"1456","STU202501456","Thomas Evans","MALE","2015-07-12","Grade 9","ACTIVE"
"1457","STU202501457","Margaret Cooper","FEMALE","2015-07-11","Grade 9","ACTIVE"
"1458","STU202501458","Joshua Gray","MALE","2015-07-10","Grade 9","ACTIVE"
"1459","STU202501459","Stephanie Brown","FEMALE","2015-07-09","Grade 9","ACTIVE"
"1460","STU202501460","Gary Lee","MALE","2016-07-07","Grade 9","ACTIVE"
"1461","STU202501461","Pamela Nguyen","FEMALE","2016-07-06","Grade 9","ACTIVE"
"1462","STU202501462","Raymond Diaz","MALE","2016-07-05","Grade 9","ACTIVE"
"1463","STU202501463","Catherine Bailey","FEMALE","2016-07-04","Grade 9","ACTIVE"
"1464","STU202501464","Robert Ruiz","MALE","2016-07-03","Grade 9","ACTIVE"
"1465","STU202501465","Jessica Garcia","FEMALE","2016-07-02","Grade 9","ACTIVE"
"1466","STU202501466","Anthony Thompson","MALE","2016-07-01","Grade 9","ACTIVE"
"1467","STU202501467","Donna Flores","FEMALE","2016-06-30","Grade 9","ACTIVE"
"1468","STU202501468","Ronald Cruz","MALE","2016-06-29","Grade 9","ACTIVE"
"1469","STU202501469","Kathleen Kelly","FEMALE","2016-06-28","Grade 9","ACTIVE"
"1470","STU202501470","Larry Price","MALE","2016-06-27","Grade 9","ACTIVE"
"1471","STU202501471","Katherine Davis","FEMALE","2016-06-26","Grade 9","ACTIVE"
"1472","STU202501472","Jack Harris","MALE","2016-06-25","Grade 9","ACTIVE"
"1473","STU202501473","Patricia Adams","FEMALE","2016-06-24","Grade 9","ACTIVE"
"1474","STU202501474","Joseph Collins","MALE","2016-06-23","Grade 9","ACTIVE"
"1475","STU202501475","Betty Ramos","FEMALE","2015-06-23","Grade 10","ACTIVE"
"1476","STU202501476","Andrew Castillo","MALE","2015-06-22","Grade 10","ACTIVE"
"1477","STU202501477","Deborah Martinez","FEMALE","2015-06-21","Grade 10","ACTIVE"
"1478","STU202501478","Jacob Clark","MALE","2015-06-20","Grade 10","ACTIVE"
"1479","STU202501479","Brenda Baker","FEMALE","2015-06-19","Grade 10","ACTIVE"
"1480","STU202501480","Samuel Stewart","MALE","2015-06-18","Grade 10","ACTIVE"
"1481","STU202501481","Janet Cox","FEMALE","2015-06-17","Grade 10","ACTIVE"
"1483","STU202501483","Susan Lopez","FEMALE","2015-06-15","Grade 10","ACTIVE"
"1484","STU202501484","Matthew Lewis","MALE","2015-06-14","Grade 10","ACTIVE"
"1485","STU202501485","Emily Rivera","FEMALE","2015-06-13","Grade 10","ACTIVE"
"1486","STU202501486","Timothy Morales","MALE","2015-06-12","Grade 10","ACTIVE"
"1487","STU202501487","Cynthia Richardson","FEMALE","2015-06-11","Grade 10","ACTIVE"
"1488","STU202501488","Stephen Long","MALE","2015-06-10","Grade 10","ACTIVE"
"1489","STU202501489","Samantha Wilson","FEMALE","2015-06-09","Grade 10","ACTIVE"
"1490","STU202501490","Patrick Walker","MALE","2015-06-08","Grade 10","ACTIVE"
"1491","STU202501491","Mary Mitchell","FEMALE","2015-06-07","Grade 10","ACTIVE"
"1492","STU202501492","Richard Cook","MALE","2015-06-06","Grade 10","ACTIVE"
"1493","STU202501493","Nancy Brooks","FEMALE","2015-06-05","Grade 10","ACTIVE"
"1494","STU202501494","Paul Foster","MALE","2015-06-04","Grade 10","ACTIVE"
"1495","STU202501495","Melissa Thomas","FEMALE","2015-06-03","Grade 10","ACTIVE"
"1496","STU202501496","Ryan Allen","MALE","2015-06-02","Grade 10","ACTIVE"
"1497","STU202501497","Anna Roberts","FEMALE","2015-06-01","Grade 10","ACTIVE"
"1498","STU202501498","Benjamin Gutierrez","MALE","2015-05-31","Grade 10","ACTIVE"
"1499","STU202501499","Carolyn Wood","FEMALE","2015-05-30","Grade 10","ACTIVE"
"1500","STU202501500","James Smith","MALE","2015-05-29","Grade 10","ACTIVE"
"1501","STU202501501","Barbara Moore","FEMALE","2015-05-28","Grade 10","ACTIVE"
"1502","STU202501502","Daniel Wright","MALE","2015-05-27","Grade 10","ACTIVE"
"1503","STU202501503","Kimberly Phillips","FEMALE","2015-05-26","Grade 10","ACTIVE"
"1504","STU202501504","George Morgan","MALE","2015-05-25","Grade 10","ACTIVE"
"1505","STU202501505","Laura Bennett","FEMALE","2015-05-24","Grade 10","ACTIVE"
"1506","STU202501506","Jonathan Williams","MALE","2015-05-23","Grade 10","ACTIVE"
"1507","STU202501507","Helen Martin","FEMALE","2015-05-22","Grade 10","ACTIVE"
"1508","STU202501508","Alexander Torres","MALE","2015-05-21","Grade 10","ACTIVE"
"1509","STU202501509","Diane Turner","FEMALE","2015-05-20","Grade 10","ACTIVE"
"1510","STU202501510","William Peterson","MALE","2015-05-19","Grade 10","ACTIVE"
"1511","STU202501511","Lisa Mendoza","FEMALE","2015-05-18","Grade 10","ACTIVE"
"1512","STU202501512","Steven Jones","MALE","2015-05-17","Grade 10","ACTIVE"
"1513","STU202501513","Dorothy Perez","FEMALE","2015-05-16","Grade 10","ACTIVE"
"1514","STU202501514","Jeffrey Hill","MALE","2015-05-15","Grade 10","ACTIVE"
"1515","STU202501515","Shirley Parker","FEMALE","2015-05-14","Grade 10","ACTIVE"
"1516","STU202501516","Brandon Reed","MALE","2015-05-13","Grade 10","ACTIVE"
"1517","STU202501517","Rachel Hughes","FEMALE","2015-05-12","Grade 10","ACTIVE"
"1518","STU202501518","Tyler Miller","MALE","2015-05-11","Grade 10","ACTIVE"
"1519","STU202501519","Elizabeth White","FEMALE","2015-05-10","Grade 10","ACTIVE"
"1520","STU202501520","Charles Green","MALE","2015-05-09","Grade 10","ACTIVE"
"1521","STU202501521","Ashley Edwards","FEMALE","2015-05-08","Grade 10","ACTIVE"
"1522","STU202501522","Brian Howard","MALE","2015-05-07","Grade 10","ACTIVE"
"1523","STU202501523","Sharon Alvarez","FEMALE","2015-05-06","Grade 10","ACTIVE"
"1524","STU202501524","Eric Rodriguez","MALE","2015-05-05","Grade 10","ACTIVE"
"1525","STU202501525","Nicole Sanchez","FEMALE","2015-05-04","Grade 10","ACTIVE"
"1526","STU202501526","Frank Nelson","MALE","2015-05-03","Grade 10","ACTIVE"
"1527","STU202501527","Heather Reyes","FEMALE","2015-05-02","Grade 10","ACTIVE"
"1528","STU202501528","David Kim","MALE","2015-05-01","Grade 10","ACTIVE"
"1529","STU202501529","Karen Sanders","FEMALE","2015-04-30","Grade 10","ACTIVE"
"1530","STU202501530","Donald Hernandez","MALE","2015-04-29","Grade 10","ACTIVE"
"1531","STU202501531","Amanda Ramirez","FEMALE","2015-04-28","Grade 10","ACTIVE"
"1532","STU202501532","Jason Hall","MALE","2015-04-27","Grade 10","ACTIVE"
"1533","STU202501533","Angela Morris","FEMALE","2015-04-26","Grade 10","ACTIVE"
"1534","STU202501534","Scott Ward","MALE","2015-04-25","Grade 10","ACTIVE"
"1535","STU202501535","Debra Myers","FEMALE","2015-04-24","Grade 10","ACTIVE"
"1536","STU202501536","Jerry Gonzalez","MALE","2015-04-23","Grade 10","ACTIVE"
"1537","STU202501537","Linda Robinson","FEMALE","2015-04-22","Grade 10","ACTIVE"
"1538","STU202501538","Christopher Campbell","MALE","2015-04-21","Grade 10","ACTIVE"
"1539","STU202501539","Sandra Murphy","FEMALE","2015-04-20","Grade 10","ACTIVE"
"1540","STU202501540","Kevin Watson","MALE","2015-04-19","Grade 10","ACTIVE"
"1541","STU202501541","Rebecca Ross","FEMALE","2015-04-18","Grade 10","ACTIVE"
"1542","STU202501542","Nicholas Anderson","MALE","2015-04-17","Grade 10","ACTIVE"
"1543","STU202501543","Emma Young","FEMALE","2015-04-16","Grade 10","ACTIVE"
"1544","STU202501544","Gregory Carter","MALE","2015-04-15","Grade 10","ACTIVE"
"1545","STU202501545","Maria Rogers","FEMALE","2015-04-14","Grade 10","ACTIVE"
"1546","STU202501546","Michael Chavez","MALE","2015-04-13","Grade 10","ACTIVE"
"1547","STU202501547","Sarah Jimenez","FEMALE","2015-04-12","Grade 10","ACTIVE"
"1548","STU202501548","Mark Taylor","MALE","2015-04-11","Grade 10","ACTIVE"
"1549","STU202501549","Michelle King","FEMALE","2015-04-10","Grade 10","ACTIVE"
"1550","STU202501550","Edward Gomez","MALE","2015-04-09","Grade 10","ACTIVE"
"1551","STU202501551","Amy Ortiz","FEMALE","2015-04-08","Grade 10","ACTIVE"
"1552","STU202501552","Justin James","MALE","2015-04-07","Grade 10","ACTIVE"
"1553","STU202501553","Christine Johnson","FEMALE","2015-04-06","Grade 10","ACTIVE"
"1554","STU202501554","Dennis Jackson","MALE","2015-04-05","Grade 10","ACTIVE"
"1555","STU202501555","Jennifer Scott","FEMALE","2015-04-04","Grade 10","ACTIVE"
"1556","STU202501556","Thomas Evans","MALE","2015-04-03","Grade 10","ACTIVE"
"1557","STU202501557","Margaret Cooper","FEMALE","2015-04-02","Grade 10","ACTIVE"
"1558","STU202501558","Joshua Gray","MALE","2015-04-01","Grade 10","ACTIVE"
"1559","STU202501559","Stephanie Brown","FEMALE","2015-03-31","Grade 10","ACTIVE"
"1560","STU202501560","Gary Lee","MALE","2015-03-30","Grade 10","ACTIVE"
"1561","STU202501561","Pamela Nguyen","FEMALE","2015-03-29","Grade 10","ACTIVE"
"1562","STU202501562","Raymond Diaz","MALE","2015-03-28","Grade 10","ACTIVE"
"1563","STU202501563","Catherine Bailey","FEMALE","2015-03-27","Grade 10","ACTIVE"
"1564","STU202501564","Robert Ruiz","MALE","2015-03-26","Grade 10","ACTIVE"
"1565","STU202501565","Jessica Garcia","FEMALE","2015-03-25","Grade 10","ACTIVE"
"1566","STU202501566","Anthony Thompson","MALE","2015-03-24","Grade 10","ACTIVE"
"1567","STU202501567","Donna Flores","FEMALE","2015-03-23","Grade 10","ACTIVE"
"1568","STU202501568","Ronald Cruz","MALE","2015-03-22","Grade 10","ACTIVE"
"1569","STU202501569","Kathleen Kelly","FEMALE","2015-03-21","Grade 10","ACTIVE"
"1570","STU202501570","Larry Price","MALE","2015-03-20","Grade 10","ACTIVE"
"1571","STU202501571","Katherine Davis","FEMALE","2015-03-19","Grade 10","ACTIVE"
"1572","STU202501572","Jack Harris","MALE","2015-03-18","Grade 10","ACTIVE"
"1573","STU202501573","Patricia Adams","FEMALE","2015-03-17","Grade 10","ACTIVE"
"1574","STU202501574","Joseph Collins","MALE","2015-03-16","Grade 10","ACTIVE"
"1575","STU202501575","Betty Ramos","FEMALE","2015-03-15","Grade 10","ACTIVE"
"1576","STU202501576","Andrew Castillo","MALE","2015-03-14","Grade 10","ACTIVE"
"1577","STU202501577","Deborah Martinez","FEMALE","2015-03-13","Grade 10","ACTIVE"
"1578","STU202501578","Jacob Clark","MALE","2015-03-12","Grade 10","ACTIVE"
"1579","STU202501579","Brenda Baker","FEMALE","2015-03-11","Grade 10","ACTIVE"
"1580","STU202501580","Samuel Stewart","MALE","2015-03-10","Grade 10","ACTIVE"
"1581","STU202501581","Janet Cox","FEMALE","2015-03-09","Grade 10","ACTIVE"
"1582","STU202501582","John Patel","MALE","2015-03-08","Grade 10","ACTIVE"
"1583","STU202501583","Susan Lopez","FEMALE","2015-03-07","Grade 10","ACTIVE"
"1584","STU202501584","Matthew Lewis","MALE","2015-03-06","Grade 10","ACTIVE"
"1585","STU202501585","Emily Rivera","FEMALE","2015-03-05","Grade 10","ACTIVE"
"1586","STU202501586","Timothy Morales","MALE","2015-03-04","Grade 10","ACTIVE"
"1587","STU202501587","Cynthia Richardson","FEMALE","2015-03-03","Grade 10","ACTIVE"
"1588","STU202501588","Stephen Long","MALE","2015-03-02","Grade 10","ACTIVE"
"1589","STU202501589","Samantha Wilson","FEMALE","2015-03-01","Grade 10","ACTIVE"
"1590","STU202501590","Patrick Walker","MALE","2015-02-28","Grade 10","ACTIVE"
"1591","STU202501591","Mary Mitchell","FEMALE","2015-02-27","Grade 10","ACTIVE"
"1592","STU202501592","Richard Cook","MALE","2015-02-26","Grade 10","ACTIVE"
"1593","STU202501593","Nancy Brooks","FEMALE","2015-02-25","Grade 10","ACTIVE"
"1594","STU202501594","Paul Foster","MALE","2015-02-24","Grade 10","ACTIVE"
"1595","STU202501595","Melissa Thomas","FEMALE","2015-02-23","Grade 10","ACTIVE"
"1596","STU202501596","Ryan Allen","MALE","2015-02-22","Grade 10","ACTIVE"
"1597","STU202501597","Anna Roberts","FEMALE","2015-02-21","Grade 10","ACTIVE"
"1598","STU202501598","Benjamin Gutierrez","MALE","2015-02-20","Grade 10","ACTIVE"
"1599","STU202501599","Carolyn Wood","FEMALE","2015-02-19","Grade 10","ACTIVE"
"1600","STU202501600","James Smith","MALE","2015-02-18","Grade 10","ACTIVE"
"1601","STU202501601","Barbara Moore","FEMALE","2015-02-17","Grade 10","ACTIVE"
"1602","STU202501602","Daniel Wright","MALE","2015-02-16","Grade 10","ACTIVE"
"1603","STU202501603","Kimberly Phillips","FEMALE","2015-02-15","Grade 10","ACTIVE"
"1604","STU202501604","George Morgan","MALE","2015-02-14","Grade 10","ACTIVE"
"1605","STU202501605","Laura Bennett","FEMALE","2015-02-13","Grade 10","ACTIVE"
"1606","STU202501606","Jonathan Williams","MALE","2015-02-12","Grade 10","ACTIVE"
"1607","STU202501607","Helen Martin","FEMALE","2015-02-11","Grade 10","ACTIVE"
"1608","STU202501608","Alexander Torres","MALE","2015-02-10","Grade 10","ACTIVE"
"1609","STU202501609","Diane Turner","FEMALE","2015-02-09","Grade 10","ACTIVE"
"1610","STU202501610","William Peterson","MALE","2015-02-08","Grade 10","ACTIVE"
"1611","STU202501611","Lisa Mendoza","FEMALE","2015-02-07","Grade 10","ACTIVE"
"1612","STU202501612","Steven Jones","MALE","2015-02-06","Grade 10","ACTIVE"
"1613","STU202501613","Dorothy Perez","FEMALE","2015-02-05","Grade 10","ACTIVE"
"1614","STU202501614","Jeffrey Hill","MALE","2015-02-04","Grade 10","ACTIVE"
"1615","STU202501615","Shirley Parker","FEMALE","2015-02-03","Grade 10","ACTIVE"
"1616","STU202501616","Brandon Reed","MALE","2015-02-02","Grade 10","ACTIVE"
"1617","STU202501617","Rachel Hughes","FEMALE","2015-02-01","Grade 10","ACTIVE"
"1618","STU202501618","Tyler Miller","MALE","2015-01-31","Grade 10","ACTIVE"
"1619","STU202501619","Elizabeth White","FEMALE","2015-01-30","Grade 10","ACTIVE"
"1620","STU202501620","Charles Green","MALE","2015-01-29","Grade 10","ACTIVE"
"1621","STU202501621","Ashley Edwards","FEMALE","2015-01-28","Grade 10","ACTIVE"
"1622","STU202501622","Brian Howard","MALE","2015-01-27","Grade 10","ACTIVE"
"1623","STU202501623","Sharon Alvarez","FEMALE","2015-01-26","Grade 10","ACTIVE"
"1624","STU202501624","Eric Rodriguez","MALE","2015-01-25","Grade 10","ACTIVE"
"1625","STU202501625","Nicole Sanchez","FEMALE","2015-01-24","Grade 10","ACTIVE"
"1626","STU202501626","Frank Nelson","MALE","2015-01-23","Grade 10","ACTIVE"
"1627","STU202501627","Heather Reyes","FEMALE","2015-01-22","Grade 10","ACTIVE"
"1628","STU202501628","David Kim","MALE","2015-01-21","Grade 10","ACTIVE"
"1629","STU202501629","Karen Sanders","FEMALE","2015-01-20","Grade 10","ACTIVE"
"1630","STU202501630","Donald Hernandez","MALE","2015-01-19","Grade 10","ACTIVE"
"1631","STU202501631","Amanda Ramirez","FEMALE","2015-01-18","Grade 10","ACTIVE"
"1632","STU202501632","Jason Hall","MALE","2015-01-17","Grade 10","ACTIVE"
"1633","STU202501633","Angela Morris","FEMALE","2015-01-16","Grade 10","ACTIVE"
"1634","STU202501634","Scott Ward","MALE","2015-01-15","Grade 10","ACTIVE"
"1635","STU202501635","Debra Myers","FEMALE","2015-01-14","Grade 10","ACTIVE"
"1636","STU202501636","Jerry Gonzalez","MALE","2015-01-13","Grade 10","ACTIVE"
"1637","STU202501637","Linda Robinson","FEMALE","2015-01-12","Grade 10","ACTIVE"
"1638","STU202501638","Christopher Campbell","MALE","2015-01-11","Grade 10","ACTIVE"
"1639","STU202501639","Sandra Murphy","FEMALE","2015-01-10","Grade 10","ACTIVE"
"1640","STU202501640","Kevin Watson","MALE","2015-01-09","Grade 10","ACTIVE"
"1641","STU202501641","Rebecca Ross","FEMALE","2015-01-08","Grade 10","ACTIVE"
"1642","STU202501642","Nicholas Anderson","MALE","2015-01-07","Grade 10","ACTIVE"
"1643","STU202501643","Emma Young","FEMALE","2015-01-06","Grade 10","ACTIVE"
"1644","STU202501644","Gregory Carter","MALE","2015-01-05","Grade 10","ACTIVE"
"1645","STU202501645","Maria Rogers","FEMALE","2015-01-04","Grade 10","ACTIVE"
"1646","STU202501646","Michael Chavez","MALE","2015-01-03","Grade 10","ACTIVE"
"1647","STU202501647","Sarah Jimenez","FEMALE","2015-01-02","Grade 10","ACTIVE"
"1648","STU202501648","Mark Taylor","MALE","2015-01-01","Grade 10","ACTIVE"
"1649","STU202501649","Michelle King","FEMALE","2014-12-31","Grade 10","ACTIVE"
"1650","STU202501650","Edward Gomez","MALE","2014-12-30","Grade 10","ACTIVE"
"1651","STU202501651","Amy Ortiz","FEMALE","2014-12-29","Grade 10","ACTIVE"
"1652","STU202501652","Justin James","MALE","2014-12-28","Grade 10","ACTIVE"
"1653","STU202501653","Christine Johnson","FEMALE","2014-12-27","Grade 10","ACTIVE"
"1654","STU202501654","Dennis Jackson","MALE","2014-12-26","Grade 10","ACTIVE"
"1655","STU202501655","Jennifer Scott","FEMALE","2014-12-25","Grade 10","ACTIVE"
"1656","STU202501656","Thomas Evans","MALE","2014-12-24","Grade 10","ACTIVE"
"1657","STU202501657","Margaret Cooper","FEMALE","2014-12-23","Grade 10","ACTIVE"
"1658","STU202501658","Joshua Gray","MALE","2014-12-22","Grade 10","ACTIVE"
"1659","STU202501659","Stephanie Brown","FEMALE","2014-12-21","Grade 10","ACTIVE"
"1660","STU202501660","Gary Lee","MALE","2014-12-20","Grade 10","ACTIVE"
"1661","STU202501661","Pamela Nguyen","FEMALE","2014-12-19","Grade 10","ACTIVE"
"1662","STU202501662","Raymond Diaz","MALE","2014-12-18","Grade 10","ACTIVE"
"1663","STU202501663","Catherine Bailey","FEMALE","2014-12-17","Grade 10","ACTIVE"
"1664","STU202501664","Robert Ruiz","MALE","2014-12-16","Grade 10","ACTIVE"
"1665","STU202501665","Jessica Garcia","FEMALE","2014-12-15","Grade 10","ACTIVE"
"1666","STU202501666","Anthony Thompson","MALE","2014-12-14","Grade 10","ACTIVE"
"1667","STU202501667","Donna Flores","FEMALE","2014-12-13","Grade 10","ACTIVE"
"1668","STU202501668","Ronald Cruz","MALE","2014-12-12","Grade 10","ACTIVE"
"1669","STU202501669","Kathleen Kelly","FEMALE","2014-12-11","Grade 10","ACTIVE"
"1670","STU202501670","Larry Price","MALE","2014-12-10","Grade 10","ACTIVE"
"1671","STU202501671","Katherine Davis","FEMALE","2014-12-09","Grade 10","ACTIVE"
"1672","STU202501672","Jack Harris","MALE","2014-12-08","Grade 10","ACTIVE"
"1673","STU202501673","Patricia Adams","FEMALE","2014-12-07","Grade 10","ACTIVE"
"1674","STU202501674","Joseph Collins","MALE","2014-12-06","Grade 10","ACTIVE"
"1675","STU202501675","Betty Ramos","FEMALE","2014-12-05","Grade 10","ACTIVE"
"1676","STU202501676","Andrew Castillo","MALE","2013-12-04","Grade 11","ACTIVE"
"1677","STU202501677","Deborah Martinez","FEMALE","2013-12-03","Grade 11","ACTIVE"
"1678","STU202501678","Jacob Clark","MALE","2013-12-02","Grade 11","ACTIVE"
"1679","STU202501679","Brenda Baker","FEMALE","2013-12-01","Grade 11","ACTIVE"
"1680","STU202501680","Samuel Stewart","MALE","2013-11-30","Grade 11","ACTIVE"
"1681","STU202501681","Janet Cox","FEMALE","2013-11-29","Grade 11","ACTIVE"
"1682","STU202501682","John Patel","MALE","2013-11-28","Grade 11","ACTIVE"
"1683","STU202501683","Susan Lopez","FEMALE","2013-11-27","Grade 11","ACTIVE"
"1684","STU202501684","Matthew Lewis","MALE","2013-11-26","Grade 11","ACTIVE"
"1685","STU202501685","Emily Rivera","FEMALE","2013-11-25","Grade 11","ACTIVE"
"1686","STU202501686","Timothy Morales","MALE","2013-11-24","Grade 11","ACTIVE"
"1687","STU202501687","Cynthia Richardson","FEMALE","2013-11-23","Grade 11","ACTIVE"
"1688","STU202501688","Stephen Long","MALE","2013-11-22","Grade 11","ACTIVE"
"1689","STU202501689","Samantha Wilson","FEMALE","2013-11-21","Grade 11","ACTIVE"
"1690","STU202501690","Patrick Walker","MALE","2013-11-20","Grade 11","ACTIVE"
"1691","STU202501691","Mary Mitchell","FEMALE","2013-11-19","Grade 11","ACTIVE"
"1692","STU202501692","Richard Cook","MALE","2013-11-18","Grade 11","ACTIVE"
"1693","STU202501693","Nancy Brooks","FEMALE","2013-11-17","Grade 11","ACTIVE"
"1694","STU202501694","Paul Foster","MALE","2013-11-16","Grade 11","ACTIVE"
"1695","STU202501695","Melissa Thomas","FEMALE","2013-11-15","Grade 11","ACTIVE"
"1696","STU202501696","Ryan Allen","MALE","2013-11-14","Grade 11","ACTIVE"
"1697","STU202501697","Anna Roberts","FEMALE","2013-11-13","Grade 11","ACTIVE"
"1698","STU202501698","Benjamin Gutierrez","MALE","2013-11-12","Grade 11","ACTIVE"
"1699","STU202501699","Carolyn Wood","FEMALE","2013-11-11","Grade 11","ACTIVE"
"1700","STU202501700","James Smith","MALE","2013-11-10","Grade 11","ACTIVE"
"1701","STU202501701","Barbara Moore","FEMALE","2013-11-09","Grade 11","ACTIVE"
"1702","STU202501702","Daniel Wright","MALE","2013-11-08","Grade 11","ACTIVE"
"1703","STU202501703","Kimberly Phillips","FEMALE","2013-11-07","Grade 11","ACTIVE"
"1704","STU202501704","George Morgan","MALE","2013-11-06","Grade 11","ACTIVE"
"1705","STU202501705","Laura Bennett","FEMALE","2013-11-05","Grade 11","ACTIVE"
"1706","STU202501706","Jonathan Williams","MALE","2013-11-04","Grade 11","ACTIVE"
"1707","STU202501707","Helen Martin","FEMALE","2013-11-03","Grade 11","ACTIVE"
"1708","STU202501708","Alexander Torres","MALE","2013-11-02","Grade 11","ACTIVE"
"1709","STU202501709","Diane Turner","FEMALE","2013-11-01","Grade 11","ACTIVE"
"1710","STU202501710","William Peterson","MALE","2013-10-31","Grade 11","ACTIVE"
"1711","STU202501711","Lisa Mendoza","FEMALE","2013-10-30","Grade 11","ACTIVE"
"1712","STU202501712","Steven Jones","MALE","2013-10-29","Grade 11","ACTIVE"
"1713","STU202501713","Dorothy Perez","FEMALE","2013-10-28","Grade 11","ACTIVE"
"1714","STU202501714","Jeffrey Hill","MALE","2013-10-27","Grade 11","ACTIVE"
"1715","STU202501715","Shirley Parker","FEMALE","2013-10-26","Grade 11","ACTIVE"
"1716","STU202501716","Brandon Reed","MALE","2013-10-25","Grade 11","ACTIVE"
"1717","STU202501717","Rachel Hughes","FEMALE","2013-10-24","Grade 11","ACTIVE"
"1718","STU202501718","Tyler Miller","MALE","2013-10-23","Grade 11","ACTIVE"
"1719","STU202501719","Elizabeth White","FEMALE","2013-10-22","Grade 11","ACTIVE"
"1720","STU202501720","Charles Green","MALE","2013-10-21","Grade 11","ACTIVE"
"1721","STU202501721","Ashley Edwards","FEMALE","2013-10-20","Grade 11","ACTIVE"
"1722","STU202501722","Brian Howard","MALE","2013-10-19","Grade 11","ACTIVE"
"1723","STU202501723","Sharon Alvarez","FEMALE","2013-10-18","Grade 11","ACTIVE"
"1724","STU202501724","Eric Rodriguez","MALE","2013-10-17","Grade 11","ACTIVE"
"1725","STU202501725","Nicole Sanchez","FEMALE","2013-10-16","Grade 11","ACTIVE"
"1726","STU202501726","Frank Nelson","MALE","2013-10-15","Grade 11","ACTIVE"
"1727","STU202501727","Heather Reyes","FEMALE","2013-10-14","Grade 11","ACTIVE"
"1728","STU202501728","David Kim","MALE","2013-10-13","Grade 11","ACTIVE"
"1729","STU202501729","Karen Sanders","FEMALE","2013-10-12","Grade 11","ACTIVE"
"1730","STU202501730","Donald Hernandez","MALE","2013-10-11","Grade 11","ACTIVE"
"1731","STU202501731","Amanda Ramirez","FEMALE","2013-10-10","Grade 11","ACTIVE"
"1732","STU202501732","Jason Hall","MALE","2013-10-09","Grade 11","ACTIVE"
"1733","STU202501733","Angela Morris","FEMALE","2013-10-08","Grade 11","ACTIVE"
"1734","STU202501734","Scott Ward","MALE","2013-10-07","Grade 11","ACTIVE"
"1735","STU202501735","Debra Myers","FEMALE","2013-10-06","Grade 11","ACTIVE"
"1736","STU202501736","Jerry Gonzalez","MALE","2013-10-05","Grade 11","ACTIVE"
"1737","STU202501737","Linda Robinson","FEMALE","2013-10-04","Grade 11","ACTIVE"
"1738","STU202501738","Christopher Campbell","MALE","2013-10-03","Grade 11","ACTIVE"
"1739","STU202501739","Sandra Murphy","FEMALE","2013-10-02","Grade 11","ACTIVE"
"1740","STU202501740","Kevin Watson","MALE","2013-10-01","Grade 11","ACTIVE"
"1741","STU202501741","Rebecca Ross","FEMALE","2013-09-30","Grade 11","ACTIVE"
"1742","STU202501742","Nicholas Anderson","MALE","2013-09-29","Grade 11","ACTIVE"
"1743","STU202501743","Emma Young","FEMALE","2013-09-28","Grade 11","ACTIVE"
"1744","STU202501744","Gregory Carter","MALE","2013-09-27","Grade 11","ACTIVE"
"1745","STU202501745","Maria Rogers","FEMALE","2013-09-26","Grade 11","ACTIVE"
"1746","STU202501746","Michael Chavez","MALE","2013-09-25","Grade 11","ACTIVE"
"1747","STU202501747","Sarah Jimenez","FEMALE","2013-09-24","Grade 11","ACTIVE"
"1748","STU202501748","Mark Taylor","MALE","2013-09-23","Grade 11","ACTIVE"
"1749","STU202501749","Michelle King","FEMALE","2013-09-22","Grade 11","ACTIVE"
"1750","STU202501750","Edward Gomez","MALE","2013-09-21","Grade 11","ACTIVE"
"1751","STU202501751","Amy Ortiz","FEMALE","2013-09-20","Grade 11","ACTIVE"
"1752","STU202501752","Justin James","MALE","2013-09-19","Grade 11","ACTIVE"
"1753","STU202501753","Christine Johnson","FEMALE","2013-09-18","Grade 11","ACTIVE"
"1754","STU202501754","Dennis Jackson","MALE","2013-09-17","Grade 11","ACTIVE"
"1755","STU202501755","Jennifer Scott","FEMALE","2013-09-16","Grade 11","ACTIVE"
"1756","STU202501756","Thomas Evans","MALE","2013-09-15","Grade 11","ACTIVE"
"1757","STU202501757","Margaret Cooper","FEMALE","2013-09-14","Grade 11","ACTIVE"
"1758","STU202501758","Joshua Gray","MALE","2013-09-13","Grade 11","ACTIVE"
"1759","STU202501759","Stephanie Brown","FEMALE","2013-09-12","Grade 11","ACTIVE"
"1760","STU202501760","Gary Lee","MALE","2013-09-11","Grade 11","ACTIVE"
"1761","STU202501761","Pamela Nguyen","FEMALE","2013-09-10","Grade 11","ACTIVE"
"1762","STU202501762","Raymond Diaz","MALE","2013-09-09","Grade 11","ACTIVE"
"1763","STU202501763","Catherine Bailey","FEMALE","2013-09-08","Grade 11","ACTIVE"
"1764","STU202501764","Robert Ruiz","MALE","2013-09-07","Grade 11","ACTIVE"
"1765","STU202501765","Jessica Garcia","FEMALE","2013-09-06","Grade 11","ACTIVE"
"1766","STU202501766","Anthony Thompson","MALE","2013-09-05","Grade 11","ACTIVE"
"1767","STU202501767","Donna Flores","FEMALE","2013-09-04","Grade 11","ACTIVE"
"1768","STU202501768","Ronald Cruz","MALE","2013-09-03","Grade 11","ACTIVE"
"1769","STU202501769","Kathleen Kelly","FEMALE","2013-09-02","Grade 11","ACTIVE"
"1770","STU202501770","Larry Price","MALE","2013-09-01","Grade 11","ACTIVE"
"1771","STU202501771","Katherine Davis","FEMALE","2013-08-31","Grade 11","ACTIVE"
"1772","STU202501772","Jack Harris","MALE","2013-08-30","Grade 11","ACTIVE"
"1773","STU202501773","Patricia Adams","FEMALE","2013-08-29","Grade 11","ACTIVE"
"1774","STU202501774","Joseph Collins","MALE","2013-08-28","Grade 11","ACTIVE"
"1775","STU202501775","Betty Ramos","FEMALE","2013-08-27","Grade 11","ACTIVE"
"1776","STU202501776","Andrew Castillo","MALE","2013-08-26","Grade 11","ACTIVE"
"1777","STU202501777","Deborah Martinez","FEMALE","2013-08-25","Grade 11","ACTIVE"
"1778","STU202501778","Jacob Clark","MALE","2013-08-24","Grade 11","ACTIVE"
"1779","STU202501779","Brenda Baker","FEMALE","2013-08-23","Grade 11","ACTIVE"
"1780","STU202501780","Samuel Stewart","MALE","2013-08-22","Grade 11","ACTIVE"
"1781","STU202501781","Janet Cox","FEMALE","2013-08-21","Grade 11","ACTIVE"
"1782","STU202501782","John Patel","MALE","2013-08-20","Grade 11","ACTIVE"
"1783","STU202501783","Susan Lopez","FEMALE","2013-08-19","Grade 11","ACTIVE"
"1784","STU202501784","Matthew Lewis","MALE","2013-08-18","Grade 11","ACTIVE"
"1785","STU202501785","Emily Rivera","FEMALE","2013-08-17","Grade 11","ACTIVE"
"1786","STU202501786","Timothy Morales","MALE","2013-08-16","Grade 11","ACTIVE"
"1787","STU202501787","Cynthia Richardson","FEMALE","2013-08-15","Grade 11","ACTIVE"
"1788","STU202501788","Stephen Long","MALE","2013-08-14","Grade 11","ACTIVE"
"1789","STU202501789","Samantha Wilson","FEMALE","2013-08-13","Grade 11","ACTIVE"
"1790","STU202501790","Patrick Walker","MALE","2013-08-12","Grade 11","ACTIVE"
"1791","STU202501791","Mary Mitchell","FEMALE","2013-08-11","Grade 11","ACTIVE"
"1792","STU202501792","Richard Cook","MALE","2013-08-10","Grade 11","ACTIVE"
"1793","STU202501793","Nancy Brooks","FEMALE","2013-08-09","Grade 11","ACTIVE"
"1794","STU202501794","Paul Foster","MALE","2013-08-08","Grade 11","ACTIVE"
"1795","STU202501795","Melissa Thomas","FEMALE","2013-08-07","Grade 11","ACTIVE"
"1796","STU202501796","Ryan Allen","MALE","2013-08-06","Grade 11","ACTIVE"
"1797","STU202501797","Anna Roberts","FEMALE","2013-08-05","Grade 11","ACTIVE"
"1798","STU202501798","Benjamin Gutierrez","MALE","2013-08-04","Grade 11","ACTIVE"
"1799","STU202501799","Carolyn Wood","FEMALE","2013-08-03","Grade 11","ACTIVE"
"1800","STU202501800","James Smith","MALE","2013-08-02","Grade 11","ACTIVE"
"1801","STU202501801","Barbara Moore","FEMALE","2013-08-01","Grade 11","ACTIVE"
"1802","STU202501802","Daniel Wright","MALE","2013-07-31","Grade 11","ACTIVE"
"1803","STU202501803","Kimberly Phillips","FEMALE","2013-07-30","Grade 11","ACTIVE"
"1804","STU202501804","George Morgan","MALE","2013-07-29","Grade 11","ACTIVE"
"1805","STU202501805","Laura Bennett","FEMALE","2013-07-28","Grade 11","ACTIVE"
"1806","STU202501806","Jonathan Williams","MALE","2013-07-27","Grade 11","ACTIVE"
"1807","STU202501807","Helen Martin","FEMALE","2013-07-26","Grade 11","ACTIVE"
"1808","STU202501808","Alexander Torres","MALE","2013-07-25","Grade 11","ACTIVE"
"1809","STU202501809","Diane Turner","FEMALE","2013-07-24","Grade 11","ACTIVE"
"1810","STU202501810","William Peterson","MALE","2012-07-23","Grade 12","ACTIVE"
"1811","STU202501811","Lisa Mendoza","FEMALE","2012-07-22","Grade 12","ACTIVE"
"1812","STU202501812","Steven Jones","MALE","2012-07-21","Grade 12","ACTIVE"
"1813","STU202501813","Dorothy Perez","FEMALE","2012-07-20","Grade 12","ACTIVE"
"1814","STU202501814","Jeffrey Hill","MALE","2012-07-19","Grade 12","ACTIVE"
"1815","STU202501815","Shirley Parker","FEMALE","2012-07-18","Grade 12","ACTIVE"
"1816","STU202501816","Brandon Reed","MALE","2012-07-17","Grade 12","ACTIVE"
"1817","STU202501817","Rachel Hughes","FEMALE","2012-07-16","Grade 12","ACTIVE"
"1818","STU202501818","Tyler Miller","MALE","2012-07-15","Grade 12","ACTIVE"
"1819","STU202501819","Elizabeth White","FEMALE","2012-07-14","Grade 12","ACTIVE"
"1820","STU202501820","Charles Green","MALE","2012-07-13","Grade 12","ACTIVE"
"1821","STU202501821","Ashley Edwards","FEMALE","2012-07-12","Grade 12","ACTIVE"
"1822","STU202501822","Brian Howard","MALE","2012-07-11","Grade 12","ACTIVE"
"1823","STU202501823","Sharon Alvarez","FEMALE","2012-07-10","Grade 12","ACTIVE"
"1824","STU202501824","Eric Rodriguez","MALE","2012-07-09","Grade 12","ACTIVE"
"1825","STU202501825","Nicole Sanchez","FEMALE","2013-07-08","Grade 12","ACTIVE"
"1826","STU202501826","Frank Nelson","MALE","2013-07-07","Grade 12","ACTIVE"
"1827","STU202501827","Heather Reyes","FEMALE","2013-07-06","Grade 12","ACTIVE"
"1828","STU202501828","David Kim","MALE","2013-07-05","Grade 12","ACTIVE"
"1829","STU202501829","Karen Sanders","FEMALE","2013-07-04","Grade 12","ACTIVE"
"1830","STU202501830","Donald Hernandez","MALE","2013-07-03","Grade 12","ACTIVE"
"1831","STU202501831","Amanda Ramirez","FEMALE","2013-07-02","Grade 12","ACTIVE"
"1832","STU202501832","Jason Hall","MALE","2013-07-01","Grade 12","ACTIVE"
"1833","STU202501833","Angela Morris","FEMALE","2013-06-30","Grade 12","ACTIVE"
"1834","STU202501834","Scott Ward","MALE","2013-06-29","Grade 12","ACTIVE"
"1835","STU202501835","Debra Myers","FEMALE","2013-06-28","Grade 12","ACTIVE"
"1836","STU202501836","Jerry Gonzalez","MALE","2013-06-27","Grade 12","ACTIVE"
"1837","STU202501837","Linda Robinson","FEMALE","2013-06-26","Grade 12","ACTIVE"
"1838","STU202501838","Christopher Campbell","MALE","2013-06-25","Grade 12","ACTIVE"
"1839","STU202501839","Sandra Murphy","FEMALE","2013-06-24","Grade 12","ACTIVE"
"1840","STU202501840","Kevin Watson","MALE","2013-06-23","Grade 12","ACTIVE"
"1841","STU202501841","Rebecca Ross","FEMALE","2013-06-22","Grade 12","ACTIVE"
"1842","STU202501842","Nicholas Anderson","MALE","2013-06-21","Grade 12","ACTIVE"
"1843","STU202501843","Emma Young","FEMALE","2013-06-20","Grade 12","ACTIVE"
"1844","STU202501844","Gregory Carter","MALE","2013-06-19","Grade 12","ACTIVE"
"1845","STU202501845","Maria Rogers","FEMALE","2013-06-18","Grade 12","ACTIVE"
"1846","STU202501846","Michael Chavez","MALE","2013-06-17","Grade 12","ACTIVE"
"1847","STU202501847","Sarah Jimenez","FEMALE","2013-06-16","Grade 12","ACTIVE"
"1848","STU202501848","Mark Taylor","MALE","2013-06-15","Grade 12","ACTIVE"
"1849","STU202501849","Michelle King","FEMALE","2013-06-14","Grade 12","ACTIVE"
"1850","STU202501850","Edward Gomez","MALE","2013-06-13","Grade 12","ACTIVE"
"1851","STU202501851","Amy Ortiz","FEMALE","2013-06-12","Grade 12","ACTIVE"
"1852","STU202501852","Justin James","MALE","2013-06-11","Grade 12","ACTIVE"
"1853","STU202501853","Christine Johnson","FEMALE","2013-06-10","Grade 12","ACTIVE"
"1854","STU202501854","Dennis Jackson","MALE","2013-06-09","Grade 12","ACTIVE"
"1855","STU202501855","Jennifer Scott","FEMALE","2013-06-08","Grade 12","ACTIVE"
"1856","STU202501856","Thomas Evans","MALE","2013-06-07","Grade 12","ACTIVE"
"1857","STU202501857","Margaret Cooper","FEMALE","2013-06-06","Grade 12","ACTIVE"
"1858","STU202501858","Joshua Gray","MALE","2013-06-05","Grade 12","ACTIVE"
"1859","STU202501859","Stephanie Brown","FEMALE","2013-06-04","Grade 12","ACTIVE"
"1860","STU202501860","Gary Lee","MALE","2013-06-03","Grade 12","ACTIVE"
"1861","STU202501861","Pamela Nguyen","FEMALE","2013-06-02","Grade 12","ACTIVE"
"1862","STU202501862","Raymond Diaz","MALE","2013-06-01","Grade 12","ACTIVE"
"1863","STU202501863","Catherine Bailey","FEMALE","2013-05-31","Grade 12","ACTIVE"
"1864","STU202501864","Robert Ruiz","MALE","2013-05-30","Grade 12","ACTIVE"
"1865","STU202501865","Jessica Garcia","FEMALE","2013-05-29","Grade 12","ACTIVE"
"1866","STU202501866","Anthony Thompson","MALE","2013-05-28","Grade 12","ACTIVE"
"1867","STU202501867","Donna Flores","FEMALE","2013-05-27","Grade 12","ACTIVE"
"1868","STU202501868","Ronald Cruz","MALE","2013-05-26","Grade 12","ACTIVE"
"1869","STU202501869","Kathleen Kelly","FEMALE","2013-05-25","Grade 12","ACTIVE"
"1870","STU202501870","Larry Price","MALE","2013-05-24","Grade 12","ACTIVE"
"1871","STU202501871","Katherine Davis","FEMALE","2013-05-23","Grade 12","ACTIVE"
"1872","STU202501872","Jack Harris","MALE","2013-05-22","Grade 12","ACTIVE"
"1873","STU202501873","Patricia Adams","FEMALE","2013-05-21","Grade 12","ACTIVE"
"1874","STU202501874","Joseph Collins","MALE","2013-05-20","Grade 12","ACTIVE"
"1875","STU202501875","Betty Ramos","FEMALE","2013-05-19","Grade 12","ACTIVE"
"1876","STU202501876","Andrew Castillo","MALE","2013-05-18","Grade 12","ACTIVE"
"1877","STU202501877","Deborah Martinez","FEMALE","2013-05-17","Grade 12","ACTIVE"
"1878","STU202501878","Jacob Clark","MALE","2013-05-16","Grade 12","ACTIVE"
"1879","STU202501879","Brenda Baker","FEMALE","2013-05-15","Grade 12","ACTIVE"
"1880","STU202501880","Samuel Stewart","MALE","2013-05-14","Grade 12","ACTIVE"
"1881","STU202501881","Janet Cox","FEMALE","2013-05-13","Grade 12","ACTIVE"
"1882","STU202501882","John Patel","MALE","2013-05-12","Grade 12","ACTIVE"
"1883","STU202501883","Susan Lopez","FEMALE","2013-05-11","Grade 12","ACTIVE"
"1884","STU202501884","Matthew Lewis","MALE","2013-05-10","Grade 12","ACTIVE"
"1885","STU202501885","Emily Rivera","FEMALE","2013-05-09","Grade 12","ACTIVE"
"1886","STU202501886","Timothy Morales","MALE","2013-05-08","Grade 12","ACTIVE"
"1887","STU202501887","Cynthia Richardson","FEMALE","2013-05-07","Grade 12","ACTIVE"
"1888","STU202501888","Stephen Long","MALE","2013-05-06","Grade 12","ACTIVE"
"1889","STU202501889","Samantha Wilson","FEMALE","2013-05-05","Grade 12","ACTIVE"
"1890","STU202501890","Patrick Walker","MALE","2013-05-04","Grade 12","ACTIVE"
"1891","STU202501891","Mary Mitchell","FEMALE","2013-05-03","Grade 12","ACTIVE"
"1892","STU202501892","Richard Cook","MALE","2013-05-02","Grade 12","ACTIVE"
"1893","STU202501893","Nancy Brooks","FEMALE","2013-05-01","Grade 12","ACTIVE"
"1894","STU202501894","Paul Foster","MALE","2013-04-30","Grade 12","ACTIVE"
"1895","STU202501895","Melissa Thomas","FEMALE","2013-04-29","Grade 12","ACTIVE"
"1896","STU202501896","Ryan Allen","MALE","2013-04-28","Grade 12","ACTIVE"
"1897","STU202501897","Anna Roberts","FEMALE","2013-04-27","Grade 12","ACTIVE"
"1898","STU202501898","Benjamin Gutierrez","MALE","2013-04-26","Grade 12","ACTIVE"
"1899","STU202501899","Carolyn Wood","FEMALE","2013-04-25","Grade 12","ACTIVE"
"1900","STU202501900","James Smith","MALE","2013-04-24","Grade 12","ACTIVE"
"1901","STU202501901","Barbara Moore","FEMALE","2013-04-23","Grade 12","ACTIVE"
"1902","STU202501902","Daniel Wright","MALE","2013-04-22","Grade 12","ACTIVE"
"1903","STU202501903","Kimberly Phillips","FEMALE","2013-04-21","Grade 12","ACTIVE"
"1904","STU202501904","George Morgan","MALE","2013-04-20","Grade 12","ACTIVE"
"1905","STU202501905","Laura Bennett","FEMALE","2013-04-19","Grade 12","ACTIVE"
"1906","STU202501906","Jonathan Williams","MALE","2013-04-18","Grade 12","ACTIVE"
"1907","STU202501907","Helen Martin","FEMALE","2013-04-17","Grade 12","ACTIVE"
"1908","STU202501908","Alexander Torres","MALE","2013-04-16","Grade 12","ACTIVE"
"1909","STU202501909","Diane Turner","FEMALE","2013-04-15","Grade 12","ACTIVE"
"1910","STU202501910","William Peterson","MALE","2013-04-14","Grade 12","ACTIVE"
"1911","STU202501911","Lisa Mendoza","FEMALE","2013-04-13","Grade 12","ACTIVE"
"1912","STU202501912","Steven Jones","MALE","2013-04-12","Grade 12","ACTIVE"
"1913","STU202501913","Dorothy Perez","FEMALE","2013-04-11","Grade 12","ACTIVE"
"1914","STU202501914","Jeffrey Hill","MALE","2013-04-10","Grade 12","ACTIVE"
"1915","STU202501915","Shirley Parker","FEMALE","2013-04-09","Grade 12","ACTIVE"
"1916","STU202501916","Brandon Reed","MALE","2013-04-08","Grade 12","ACTIVE"
"1917","STU202501917","Rachel Hughes","FEMALE","2013-04-07","Grade 12","ACTIVE"
"1918","STU202501918","Tyler Miller","MALE","2013-04-06","Grade 12","ACTIVE"
"1919","STU202501919","Elizabeth White","FEMALE","2013-04-05","Grade 12","ACTIVE"
"1920","STU202501920","Charles Green","MALE","2013-04-04","Grade 12","ACTIVE"
"1921","STU202501921","Ashley Edwards","FEMALE","2013-04-03","Grade 12","ACTIVE"
"1922","STU202501922","Brian Howard","MALE","2013-04-02","Grade 12","ACTIVE"
"1923","STU202501923","Sharon Alvarez","FEMALE","2013-04-01","Grade 12","ACTIVE"
"1924","STU202501924","Eric Rodriguez","MALE","2013-03-31","Grade 12","ACTIVE"
"1925","STU202501925","Nicole Sanchez","FEMALE","2013-03-30","Grade 12","ACTIVE"
"1926","STU202501926","Frank Nelson","MALE","2013-03-29","Grade 12","ACTIVE"
"1927","STU202501927","Heather Reyes","FEMALE","2013-03-28","Grade 12","ACTIVE"
"1928","STU202501928","David Kim","MALE","2013-03-27","Grade 12","ACTIVE"
"1929","STU202501929","Karen Sanders","FEMALE","2013-03-26","Grade 12","ACTIVE"
"1930","STU202501930","Donald Hernandez","MALE","2013-03-25","Grade 12","ACTIVE"
"1931","STU202501931","Amanda Ramirez","FEMALE","2013-03-24","Grade 12","ACTIVE"
"1932","STU202501932","Jason Hall","MALE","2013-03-23","Grade 12","ACTIVE"
"1933","STU202501933","Angela Morris","FEMALE","2013-03-22","Grade 12","ACTIVE"
"1934","STU202501934","Scott Ward","MALE","2013-03-21","Grade 12","ACTIVE"
"1935","STU202501935","Debra Myers","FEMALE","2013-03-20","Grade 12","ACTIVE"
"1936","STU202501936","Jerry Gonzalez","MALE","2013-03-19","Grade 12","ACTIVE"
"1937","STU202501937","Linda Robinson","FEMALE","2013-03-18","Grade 12","ACTIVE"
"1938","STU202501938","Christopher Campbell","MALE","2013-03-17","Grade 12","ACTIVE"
"1939","STU202501939","Sandra Murphy","FEMALE","2013-03-16","Grade 12","ACTIVE"
"1940","STU202501940","Kevin Watson","MALE","2013-03-15","Grade 12","ACTIVE"
"1941","STU202501941","Rebecca Ross","FEMALE","2013-03-14","Grade 12","ACTIVE"
"1942","STU202501942","Nicholas Anderson","MALE","2013-03-13","Grade 12","ACTIVE"
"1943","STU202501943","Emma Young","FEMALE","2013-03-12","Grade 12","ACTIVE"
"1944","STU202501944","Gregory Carter","MALE","2013-03-11","Grade 12","ACTIVE"
"1945","STU202501945","Maria Rogers","FEMALE","2013-03-10","Grade 12","ACTIVE"
"1946","STU202501946","Michael Chavez","MALE","2013-03-09","Grade 12","ACTIVE"
"1947","STU202501947","Sarah Jimenez","FEMALE","2013-03-08","Grade 12","ACTIVE"
"1948","STU202501948","Mark Taylor","MALE","2013-03-07","Grade 12","ACTIVE"
"1949","STU202501949","Michelle King","FEMALE","2013-03-06","Grade 12","ACTIVE"
"1950","STU202501950","Edward Gomez","MALE","2013-03-05","Grade 12","ACTIVE"
"1951","STU202501951","Amy Ortiz","FEMALE","2013-03-04","Grade 12","ACTIVE"
"1952","STU202501952","Justin James","MALE","2013-03-03","Grade 12","ACTIVE"
"1953","STU202501953","Christine Johnson","FEMALE","2013-03-02","Grade 12","ACTIVE"
"1954","STU202501954","Dennis Jackson","MALE","2013-03-01","Grade 12","ACTIVE"
"1955","STU202501955","Jennifer Scott","FEMALE","2013-02-28","Grade 12","ACTIVE"
"1956","STU202501956","Thomas Evans","MALE","2013-02-27","Grade 12","ACTIVE"
"1957","STU202501957","Margaret Cooper","FEMALE","2013-02-26","Grade 12","ACTIVE"
"1958","STU202501958","Joshua Gray","MALE","2013-02-25","Grade 12","ACTIVE"
"1959","STU202501959","Stephanie Brown","FEMALE","2013-02-24","Grade 12","ACTIVE"
"1960","STU202501960","Gary Lee","MALE","2013-02-23","Grade 12","ACTIVE"
"1961","STU202501961","Pamela Nguyen","FEMALE","2013-02-22","Grade 12","ACTIVE"
"1962","STU202501962","Raymond Diaz","MALE","2013-02-21","Grade 12","ACTIVE"
"1963","STU202501963","Catherine Bailey","FEMALE","2013-02-20","Grade 12","ACTIVE"
"1964","STU202501964","Robert Ruiz","MALE","2013-02-19","Grade 12","ACTIVE"
"1965","STU202501965","Jessica Garcia","FEMALE","2013-02-18","Grade 12","ACTIVE"
"1966","STU202501966","Anthony Thompson","MALE","2013-02-17","Grade 12","ACTIVE"
"1967","STU202501967","Donna Flores","FEMALE","2013-02-16","Grade 12","ACTIVE"
"1968","STU202501968","Ronald Cruz","MALE","2013-02-15","Grade 12","ACTIVE"
"1969","STU202501969","Kathleen Kelly","FEMALE","2013-02-14","Grade 12","ACTIVE"
"1970","STU202501970","Larry Price","MALE","2013-02-13","Grade 12","ACTIVE"
"1971","STU202501971","Katherine Davis","FEMALE","2013-02-12","Grade 12","ACTIVE"
"1972","STU202501972","Jack Harris","MALE","2013-02-11","Grade 12","ACTIVE"
"1973","STU202501973","Patricia Adams","FEMALE","2013-02-10","Grade 12","ACTIVE"
"1974","STU202501974","Joseph Collins","MALE","2013-02-09","Grade 12","ACTIVE"
"1975","STU202501975","Betty Ramos","FEMALE","2013-02-08","Grade 12","ACTIVE"
"1976","STU202501976","Andrew Castillo","MALE","2013-02-07","Grade 12","ACTIVE"
"1977","STU202501977","Deborah Martinez","FEMALE","2013-02-06","Grade 12","ACTIVE"
"1978","STU202501978","Jacob Clark","MALE","2013-02-05","Grade 12","ACTIVE"
"1979","STU202501979","Brenda Baker","FEMALE","2013-02-04","Grade 12","ACTIVE"
"1980","STU202501980","Samuel Stewart","MALE","2013-02-03","Grade 12","ACTIVE"
"1981","STU202501981","Janet Cox","FEMALE","2013-02-02","Grade 12","ACTIVE"
"1982","STU202501982","John Patel","MALE","2013-02-01","Grade 12","ACTIVE"
"1983","STU202501983","Susan Lopez","FEMALE","2013-01-31","Grade 12","ACTIVE"
"1984","STU202501984","Matthew Lewis","MALE","2013-01-30","Grade 12","ACTIVE"
"1985","STU202501985","Emily Rivera","FEMALE","2013-01-29","Grade 12","ACTIVE"
"1986","STU202501986","Timothy Morales","MALE","2013-01-28","Grade 12","ACTIVE"
"1987","STU202501987","Cynthia Richardson","FEMALE","2013-01-27","Grade 12","ACTIVE"
"1988","STU202501988","Stephen Long","MALE","2013-01-26","Grade 12","ACTIVE"
"1989","STU202501989","Samantha Wilson","FEMALE","2013-01-25","Grade 12","ACTIVE"
"1990","STU202501990","Patrick Walker","MALE","2013-01-24","Grade 12","ACTIVE"
"1991","STU202501991","Mary Mitchell","FEMALE","2013-01-23","Grade 12","ACTIVE"
"1992","STU202501992","Richard Cook","MALE","2013-01-22","Grade 12","ACTIVE"
"1993","STU202501993","Nancy Brooks","FEMALE","2013-01-21","Grade 12","ACTIVE"
"1994","STU202501994","Paul Foster","MALE","2013-01-20","Grade 12","ACTIVE"
"1995","STU202501995","Melissa Thomas","FEMALE","2013-01-19","Grade 12","ACTIVE"
"1996","STU202501996","Ryan Allen","MALE","2013-01-18","Grade 12","ACTIVE"
"1997","STU202501997","Anna Roberts","FEMALE","2013-01-17","Grade 12","ACTIVE"
"1998","STU202501998","Benjamin Gutierrez","MALE","2013-01-16","Grade 12","ACTIVE"
"1999","STU202501999","Carolyn Wood","FEMALE","2013-01-15","Grade 12","ACTIVE"
"2000","STU202502000","James Smith","MALE","2013-01-14","Grade 12","ACTIVE"
